Όνομα,Απόσταση από νοσοκομείο,Αστέρια,Ιστοσελίδα,E-Mail,Τηλέφωνο,Τηλέφωνο 2,Πόλη,Διεύθυνση,Ταχυδρομικός Κώδικας,Αριθμός Φαξ,Εναλλακτικό Τηλέφωνο,Εναλλακτικό Φαξ
ΑΓΙΟΣ ΓΕΩΡΓΙΟΣ,,1,www.hotelgeorge-rio.com,info@hotel-george.gr,2610-225092,2610991134,Πάτρα,ΑΓΙΟΥ ΑΝΔΡΕΟΥ 73,262 21,,,
ΑΓΝΗ,"


3.5 Χλμ
",2,www.hotel-agni.com,tsiortos@hotmail.com,26340-22448,6974594313,Ναύπακτος,ΔΗΜΟΚΡΑΤΙΑΣ 13,303 00,26340-25904,,
ΑΓΡΙΝΙΟ ΙΜΠΕΡΙΑΛ ΧΟΤΕΛ,"


0.5 Χλμ
",4,www.agrinioimperial.gr,info@agrinioimperial.gr,26410-30034,26410-30044,Αγρίνιο,ΕΘΝ.ΟΔ.ΑΓΡΙΝΙΟΥ -ΑΜΦΙΛΟΧ.,301 00,26410-30009,,
ΑΓΡΙΝΙΟ ΠΡΕΜΙΕ ΧΕΡΤ ΧΟΤΕΛ,"


1 Χλμ
",3,www.alexanderhotel.gr,spirosfloros@hotmail.com,26410-58661,26410-44590,Αγρίνιο,ΚΑΛΛΕΡΓΗ & ΓΛΥΝΟΥ 10,301 00,26410-58662,,
ΑΔΩΝΙΣ ΣΙΤΥ,"


1.5 Χλμ
",2,www.adoniscityhotel.gr,hoteladonis@otenet.gr,2610-224213,2610-224235,Πάτρα,ΖΑΙΜΗ & ΚΑΨΑΛΗ 9,262 23,2610-226971,,
ΑΘΗΝΑ,"


1 Χλμ
",3,www.athinahotelolympia.com,athinahotel@yahoo.gr,26250-23150,6978260618,Κρέστενα,ΚΡΕΣΤΕΝΑ ΗΛΕΙΑΣ,270 55,26250-22965,,
ΑΙΘΡΙΟ,"


3 Χλμ
",2,www.aithriohotel.com,aithriohotel@gmail.com,26930-24880,,Νιφοραίικα,,252 00,26930-24980,,
ΑΙΤΩΛΙΑ,,1,,,26440-22394,,Θέρμο,ΧΑΡΙΛΑΟΥ ΤΡΙΚΟΥΠΗ 35,300 08,,,
ΑΚΡΟΓΙΑΛΙ,"


0.5 Χλμ
",1,,nikoshotelakrogiali@gmail.com,26460-81206,,Μύτικας,ΜΥΤΙΚΑΣ ΑΙΤΩΛ/ΝΙΑΣ,300 19,,,
ΑΚΡΟΠΟΛ,"


2 Χλμ
",2,,info@acropole.gr,2610-279809,2610-279811,Πάτρα,ΑΙΟΥ ΑΝΔΡΕΟΥ 32,262 21,2610-221533,,
ΑΚΤΗ,"


1 Χλμ
",2,www.akti.gr,akti@otenet.gr,26340-28464,26340-28465,Ναύπακτος,ΝΑΥΠΑΚΤΟΣ (ΓΡΙΜΠΟΒΟ),303 00,26340-24171,,
ΑΚΤΗ ΚΑΛΟΓΡΙΑ,"


26 Χλμ
",3,www.kalogriahotel.gr,info@kalogriahotel.gr,26930-31380,26930-31344,Καλόγρια,ΚΑΛΟΓΡΙΑ ΑΧΑΙΑΣ,270 52,26930-31732,,
ΑΚΤΗ ΚΑΛΟΓΡΙΑ ΙΙ,"


26 Χλμ
",2,www.kalogriahotel.gr,info@kalogriahotel.gr,26930-31276,26930-31380,Καλόγρια,ΚΑΛΟΓΡΙΑ ΑΧΑΙΑΣ,270 52,26930-31381,,
ΑΚΤΗ ΚΑΣΤΡΟ,,3,www.castrobeachotel.com,info@castrobeachotel.com,26230-95911,26230-95910,Κάστρο,,270 50,26230-95912,,
ΑΚΤΗ ΚΟΥΡΟΥΤΑ,"


5 Χλμ
",2,www.kouroutahotel.gr,kouroutahotel@gmail.com,26220-24024,6979200200,Κουρούτα,ΚΟΥΡΟΥΤΑ ΑΜΑΛΙΑΔΑΣ,272 00,26220-24024,26220-24024,26220-24024
ΑΚΤΗ ΛΕΠΑΝΤΟ,"


1 Χλμ
",3,www.lepantobeach.gr,info@lepantobeach.gr,26340-23931,26340-23932,Ναύπακτος,ΓΡΙΜΠΟΒΟ,303 00,26340-23930,,
ΑΚΤΗ ΠΟΣΕΙΔΩΝΟΣ,"


6 Χλμ
",3,,,26910-81400,,Νικολαίικα,ΝΙΚΟΛΑΙΪΚΑ ΠΑΤΡΩΝ,251 00,,,
ΑΚΤΗ ΧΡΙΣΤΙΝΑ,"


26 Χλμ
",3,www.kalogriahotel.gr,info@kalogriahotel.gr,26930-31469,26930-31470,Καλόγρια,ΚΑΛΟΓΡΙΑ ΑΧΑΙΑΣ,270 52,26930-31732,,
ΑΛΕΞΑΝΔΡΑ,,1,,ithoriagk@yahoo.gr,26320-22248,26320-023019,Αιτωλικό,ΑΣΤΙΓΓΟΣ  12,304 00,,,
ΑΛΘΑΙΑ,,3,www.hotelalthaia.gr,althaia@otenet.gr,26440-23133,,Πετροχώρι,,300 08,,,
ΑΛΘΑΙΑ ΔΙΑΜΕΡΙΣΜΑΤΑ ΚΑΤΑΚΟΛΟ,,3,www.altheapartments.gr,afes.hotel@gmail.com,2621041818,,Κατάκολο,,27067,2621041828,,
ΑΛΚΗΣΤΙΣ,"


0.1 Χλμ
",3,www.alkistis-hotel.gr,info@alkistis-hotel.gr,26910-43650,26910-43651,Διακοπτό,ΒΑΛΤΟ ΔΙΑΚΟΦΤΟΥ ΑΧΑΙΑΣ,262 22,26910-43652,6947203079,
ΑΛΚΥΩΝΙΣ,"


0.6 Χλμ
",2,www.hotelalkionis.gr,info@hotelalkionis.gr,26250-34582,,Ζαχάρω,,270 54,26250-34583,,
ΑΛΜΥΡΑ,"


1 Χλμ
",3,www.almira-hotel.gr,info@almira-hotel.gr,26230-96800,6946822673,Αρκούδι,,270 50,26230-96803,6946822673,2623096803
ΑΜΑΛΙΑ,"


1 Χλμ
",4,https://amaliahotelolympia.gr/,amalia@amaliahotels.com,26240-22190,26240-22191,Αρχαία Ολυμπία,ΟΛΥΜΠΙΑ(ΑΡΧΑΙΑ),270 65,26240-22444,,
ΑΜΑΛΙΑ,"


9 Χλμ
",2,,amaliahotel@hotmail.gr,26930-31762,,Καλόγρια,,270 52,,,
ΑΜΑΛΙΑΣ,"


3 Χλμ
",3,www.amaliashotel.gr,info@amaliashotel.gr,26220-24151,26220-38014,Κουρούτα,ΛΕΙΒΑΔΑΚΙΑ-ΚΟΥΡΟΥΤΑΣ-ΑΜΑΛΙΑΔΑΣ,272 00,26220-24277,,
ΑΜΑΡΥΛΛΙΣ,"


2 Χλμ
",3,www.amaryllishotel.gr,info@amaryllishotel.gr,26340-25525,6945333630,Ναύπακτος,ΠΛ.ΛΙΜΕΝΟΣ 3,303 00,,,
ΑΜΒΡΑΚΙΑ,"


1 Χλμ
",2,www.amvrakiahotel.gr,info@amvrakiahotel.gr,26420-22845,26420-22213,Αμφιλοχία,ΑΝΔΡΕΑ ΣΤΡΑΤΟΥ 60,305 00,26420-23270,,
ΑΝΑΓΕΝΝΗΣΙΣ,"


1 Χλμ
",4,www.hotelanagennisis.gr,info@hotelanagennisis.gr,2621020780,,Πύργος,ΠΑΤΡΟΚΛΟΥ 16,271 00,26210-20789,2621020780,2621020789
ΑΝΕΜΩΝΗ,"


7 Χλμ
",1,www.kaiafas.com,info@kaiafas.com,26250-32252,,Καϊάφας,ΞΗΡΟΧΩΡΙ,270 54,26250-32252,,
ΑΝΕΡΑΔΑ,"


2 Χλμ
",2,www.anerada.gr,anerada@otenet.gr,26920-24777,,Καλάβρυτα,ΠΑΛΗΟΠΗΓΑΔΟ,250 01,26920-24512,261-0341063,261-0341063
ΑΝΕΣΙΣ,"


0.5 Χλμ
",3,www.anesishotel.gr,anesis@anesishotel.gr,26920-23070,26920-24420,Καλάβρυτα,ΚΑΛΑΒΡΥΤΑ,250 01,26920-24621,,
ΑΝΤΙΡΡΙΟ,"


11 Χλμ
",2,www.hotelantirrio.com,gkatsoudas@hotmail.com,26340-31450,,Αντίρριο,ΑΝΤΙΡΡΙΟ ΑΙΤΩΛ/ΝΙΑΣ,300 20,26340-31637,,
ΑΝΤΩΝΙΟΣ,"


0.2 Χλμ
",4,www.olympiahotels.gr,info@olympiahotels.gr,26240-22348,26240-22349,Αρχαία Ολυμπία,ΕΠΑΡΧΙΑΚΗ ΟΔΟΣ ΦΛΟΚΑ,270 65,26240-22112,2624-022547,2624-022112
ΑΝΤΩΝΙΟΣ ΧΩΡΙΟ,"


5 Χλμ
",4,www.antoniosvillage.gr,info@antoniosvillage.gr,26230-96111,69779-88930,Γλύφα,ΓΛΥΦΑ ΛΥΓΙΑΣ ΗΛΕΙΑΣ,270 50,26230-96112,26230-42550,26230-96112
ΑΠΟΛΛΩΝ,"


2 Χλμ
",3,www.apartmentsapollon.gr,info@apartmentsapollon.gr,2610-990426,,Ρίο,ΣΩΜΕΡΣΕΤ 14,265 00,2610-995401,,
ΑΠΟΛΛΩΝΙΟΝ,"


0.9 Χλμ
",3,www.apollonionhotel.gr,info@apollonionhotel.gr,26260-22900,,Ανδρίτσαινα,ΑΝΔΡΙΤΣΑΙΝΑ ΗΛΕΙΑΣ,270 61,26260-22900,2626-022900,
ΑΡΕΘΟΥΣΑ,"


14 Χλμ
",3,www.arethousahotel.gr,arethous@otenet.gr,2621042005,,Κατάκολο,,270 67,2621042006,6979636413,
ΑΡΚΟΥΔΙ,"


10 Χλμ
",2,www.brati-hotels.gr,info@brati-hotels.gr,26230 96480,26230 96350,Αρκούδι,ΑΡΚΟΥΔΙ ΛΥΓΙΑΣ ΗΛΕΙΑΣ,270 50,26230-96494,2623096350,2623096494
ΑΡΜΟΝΙΑ,,3,www.harmonyresort.gr,info@harmonyresort.gr,2622024921,,Κουρούτα,,272 00,,,
ΑΡΟΑΝΙΑ,"


37 Χλμ
",3,www.aroania-hotel.gr,info@aroania-hotel.gr,2696035090,,Ζαρούχλα,,250 06,26960-33977,,
ΑΡΟΑΝΙΟΣ,"


0.15 Χλμ
",2,www.aroanioshotel.gr,aroanioshotel@gmail.com,26920-31308,,Κλειτορία,ΚΛΕΙΤΟΡΙΑ ΑΧΑΙΑΣ,250 07,26920-31308,,
ΑΡΤΙ ΓΚΡΑΝΤ,"


1 Χλμ
",5,www.artygrandhotel.gr,info@artygrandhotel.gr,26240-26000,,Αρχαία Ολυμπία,ΑΡΧΑΙΑ ΟΛΥΜΠΙΑ ΗΛΕΙΑΣ,270 65,26240-26004,,
ΑΡΧΑΙΑ ΣΑΜΗ,"


5 Χλμ
",1,,arxaia_sami@yahoo.gr,26250-32257,26250-34857,Καϊάφας,,270 54,26250-34639,2625-032257,
ΑΡΧΟΝΤΙΚΟ,,4,www.archontiko-andritsenas.gr,archontiko.andritsenas@gmail.com,26260-22401,26260-22532,Ανδρίτσαινα,ΑΝΔΡΙΤΣΑΙΝΑ ΗΛΕΙΑΣ,270 61,26260-22532,,
ΑΡΧΟΝΤΙΚΟ ΖΑΦΕΙΡΟΠΟΥΛΟΥ,"


0.5 Χλμ
",3,www.archontiko.gr,info@archontiko.gr,26920-24500,6972080291,Καλάβρυτα,,250 01,26920-24505,,
ΑΡΧΟΝΤΙΚΟ ΤΗΣ ΠΕΠΩΣ,"


3 Χλμ
",4,www.arxontiko-pepos.gr,info@arxontiko-pepos.gr,26340-38185,26340-38186,Ναύπακτος,ΤΖΑΒΕΛΛΑ 11,303 00,26340-38186,,
ΑΣΤΗΡ,"


3 Χλμ
",4,www.hotelastirpatras.gr,astir@pat.forthnet.gr,+302610277502,+302610277524,Πάτρα,ΑΓΙΟΥ ΑΝΔΡΕΑ 16,262 23,+302610271644,,
ΑΤΛΑΝΤΑ,"


2 Χλμ
",2,www.hotelatlanta.gr,atlanta@pat.forthnet.gr,2610-278627,2610-220772,Πάτρα,ΖΑΙΜΗ 10,262 21,2610-220019,,
ΑΤΡΙΟΥΜ ΒΙΝΕΑ,,3,,brintziki@gmail.com,6944392928,,Πύργος,,27064,,,
ΑΥΡΑ,"


0.5 Χλμ
",1,,hotelavramesologgi@gmail.com,26310-25284,26310-22284,Μεσολόγγι,ΧΑΡΑΡΙΛΑΟΥ ΤΡΙΚΟΥΠΗ 1,302 00,,,
ΑΦΡΙΚΑ,"


9 Χλμ
",3,,afrikahotel@gmail.com,26910-41751,,Ελαιώνας,ΕΛΑΙΩΝΑΣ ΑΙΓΙΟΥ,250 03,26910-43000,,
ΑΦΡΟΔΙΤΗ,"


0.5 Χλμ
",2,hotelafroditi.com,hotelafro@gmail.com,26340-29922,26340-29923,Ναύπακτος,ΦΙΛΙΚΗΣ ΕΤΑΙΡΙΑΣ 1,303 00,26340-29924,,
ΑΧΑΙΑ ΜΠΗΤΣ,"


2 Χλμ
",4,www.airotel.gr,ab-reservations@airotel.gr,2610-991801,,Πάτρα,ΚΑΣΤΕΛΛΟΚΑΜΠΟΣ,264 42,2610-992487,2106449384,21-06400750
ΑΧΑΙΟΣ,"


2 Χλμ
",2,,george.takopoulos@hotmail.gr,26930-22561,26930-25370,Νιφοραίικα,ΝΙΦΟΡΕΙΚΑ ΑΧΑΙΑΣ,252 00,26930-25775,,2693-025375
ΑΧΑΪΣ,,2,,,26920-31628,,Πλανητέρο,,250 07,,,
ΑΧΙΛΛΕΙΟΝ,"


3 Χλμ
",3,www.ahilion.gr,info@ahilion.gr,2692029111,,Καλάβρυτα,ΚΑΛΑΒΡΥΤΑ,250 01,26920-29114,,
ΒΙΓΛΑ ΧΩΡΙΟ,,2,www.viglavillage.gr,echarda@hotmail.com,2623092503,,Κάστρο,ΚΑΣΤΡΟ-ΚΥΛΛΗΝΗΣ,270 50,,,
ΒΙΛΛΑ ΚΑΛΑΒΡΥΤΑ,"


0.2 Χλμ
",3,,ngeros@yahoo.com,26920-22712,26920-22845,Καλάβρυτα,ΚΑΛΑΒΡΥΤΑ ΑΧΑΙΑΣ,250 01,26920-22712,,
ΒΙΛΛΑΤΖ ΙΝ,"


0.5 Χλμ
",2,www.village-inn.gr,villageinnanwxwra@gmail.com,26340-41433,26340-41434,Άνω Χώρα,,300 23,26340-23846,,
ΒΟΝΙΤΣΑ,"


0.5 Χλμ
",3,,vonitsahotel@gmail.com,26430-22565,26430-22565,Βόνιτσα,ΜΑΡΚΑΝΤΩΝΑΤΩΝ 8,300 02,26430-22565,,
ΒΟΥΝΑΚΗ ΑΚΤΗ & ΜΑΡΙΝΑ,"


0.8 Χλμ
",4,,ocs@otenet.gr,26430-41330,,Πάλαιρος,ΠΑΛΑΙΡΟΣ ΑΙΤΩΛ/ΝΙΑΣ,300 12,26430-41293,,
ΒΡΥΝΙΩΤΗΣ,"


13 Χλμ
",2,www.vriniotis.gr,info@vriniotis.gr,26210-41294,26210-41158,Άγιος Ανδρέας Κατακόλου,ΑΓΙΟΣ ΑΝΔΡΕΑΣ ΚΟΡΑΚ.ΗΛΕΙΑΣ,270 67,26210-41402,2621-041294,2621-041402
ΒΥΖΑΝΤΙΝΟ,"


1.5 Χλμ
",4,www.byzantino-hotel.gr,info@byzantino-hotel.gr,2610-243000,,Πάτρα,Ρ.ΦΕΡΡΑΙΟΥ 106,262 21,2610-622150,,
ΓΑΛΑΞΙΑΣ,"


1 Χλμ
",3,http://galaxias-hotel.gr,hotelgalaxias17@gmail.com,26410-53500,26410-23551,Αγρίνιο,Γ.ΚΑΖΑΝΤΖΗ 17,301 00,26410-23553,,
ΓΑΛΑΞΙΑΣ,"


1 Χλμ
",3,,info@galaxyhotel.com.gr,2610-275981,2610-275983,Πάτρα,ΑΓ.ΝΙΚΟΛΑΟΥ 9,262 21,2610-278815,,
ΓΑΛΗΝΗ,,2,,goikon@yahoo.gr,26910-32570,,Λαμπίρι,ΛΑΜΠΙΡΙ ΑΧΑΙΑΣ,251 00,,,
ΓΑΛΗΝΗ,"


0.5 Χλμ
",3,,info@galini.com.gr,26910-26150,26910-26151,Αίγιο,1Η ΜΑΗ 1886 35,251 00,,,
ΓΕΩΡΓΑΚΕΙΟΝ,"


8 Χλμ
",2,,,26920-36258,,Φίλια,ΦΙΛΙΑ ΚΑΛΑΒΡΥΤΩΝ,250 07,,6974-433055,
ΓΕΩΡΓΙΟΣ,"


1 Χλμ
",2,www.hotel-george.gr,akiskoykoyris210@gmail.com,6936678621,2610-991134,Ρίο,ΙΩΝΙΑΣ 9,265 00,2610-991134,6936678621,
ΓΙΑΝΝΗΣ ΒΙΛΑΤΖ ΡΕΖΟΡΤ,,4,www.giannisvillageresort.gr,info@giannisvillageresort.gr,2646024024,,Αστακός,,30066,,2646042024,
ΓΙΩΤΗΣ,"


4 Χλμ
",2,,,2610-522224,2610-522246,Παραλία,25ΗΣ ΜΑΡΤΙΟΥ 2,265 00,,,
ΓΚΡΕΚΟΤΕΛ ΑΚΤΗ ΛΑΚΟΠΕΤΡΑ 2,"


11 Χλμ
",4,https://casamarron.grecotel.com/,reservations.ma@grecotel.com,26930-51713,,Λακκόπετρα,ΛΑΚΟΠΕΤΡΑ ΛΑΡΙΣΣΟΥ,252 00,26930-52057,2693-051713,
ΓΚΡΕΚΟΤΕΛ-ΑΚΤΗ ΛΑΚΟΠΕΤΡΑ,"


12 Χλμ
",4,https://casamarron.grecotel.com,reservations.ma@grecotel.com,26930-51713,,Λακκόπετρα,ΛΑΚΚΟΠΕΤΡΑ ΑΧΑΙΑΣ,252 00,26930-51045,2693-051584,2693-052057
ΓΛΑΡΕΝΤΖΑ,"


15 Χλμ
",3,www.glarentzahotel.gr,info@glarentzahotel.gr,26230-92397,26230-92320,Κυλλήνη,ΚΥΛΛΗΝΗ ΗΛΕΙΑΣ,270 68,26230-92325,,
ΓΛΥΦΑ ΠΑΡΑΛΙΑ,"


13 Χλμ
",2,,glyfa.beach.hotel@gmail.com,26230-96230,26230-96831,Γλύφα,ΓΛΥΦΑ ΗΛΕΙΑΣ,270 50,,26230-96830,26230-96832
ΔΑΦΝΗ,"


0.5 Χλμ
",1,,hotel_dafni@yahoo.gr,26920-71217,,Δάφνη,,250 04,,,
ΔΕΛΦΙΝΙ,"


4 Χλμ
",2,www.delfini-hotel.info,delfini1@otenet.gr,2610-421001,2610-421002,Πάτρα,ΗΡΩΩΝ ΠΟΛΥΤΕΧΝΕΙΟΥ 1Ο2,264 42,2610-421006,,
ΔΕΛΦΙΝΙ,"


0.01 Χλμ
",2,www.aitolakarnania.com/delfini,pant.amalia@gmail.com,26810-88386,26810-88250,Μενίδι,ΜΕΝΙΔΙ ΑΙΤΩΛ/ΝΙΑΣ,300 16,26810-88112,,
ΔΕΞΑΜΕΝΕΣ,,4,,admin@dexamenes.com,6936969928,,Κουρούτα,,27200,,,
ΔΗΜΗΤΡΑ,"


2 Χλμ
",2,,dimitra.hotel@ymail.com,2610-671096,,Τσουκαλαίικα,ΤΣΟΥΚΑΛΕΙΚΑ ΔΗΜΟΥ ΒΡΑΧΝΕΙΚΩΝ,250 02,2610-671096,,
ΔΗΜΗΤΡΑ,,3,,grafeio99@gmail.com,26920-71039,,Δάφνη,,250 04,,,
ΔΙΑΤΗΡΗΤΕΟ,,3,,chmpimpa@gmail.com,6947848120,,Παναιτώλιο,,30003,,,
ΔΙΕΘΝΕΣ,"


0.5 Χλμ
",1,,hoteldiethnes@yahoo.gr,26250-31208,26250-34000,Ζαχάρω,ΖΑΧΑΡΩ ΗΛΕΙΑΣ,270 54,26250-31208,,
ΔΙΕΘΝΕΣ,"


2 Χλμ
",1,www.diethnesnafpaktos.gr,,26340-27342,,Ναύπακτος,ΝΟΒΑ 3,303 00,,,
ΔΡΥΑΔΕΣ,"


12 Χλμ
",2,www.dryades-xenonas.gr,info@dryades-xenonas.gr,26340-41633,6972081060,Αμπελακιώτισσα,ΑΜΠΕΛΑΚΙΩΤΙΣΣΑ ΑΙΤΩΛ/ΝΙΑΣ,300 23,,,
ΔΥΜΗ,"


0.5 Χλμ
",2,,,26930-25310,,Κάτω Αχαΐα,ΑΡΑΞΟΥ  &  ΟΙΒΩΤΑ 3,252 00,,2693-025310,2693-025311
ΕΛ ΓΚΡΕΚΟ,"


1.5 Χλμ
",2,www.elgrecohotelpatra.gr,elgrecohotelpatra@gmail.com,2610-272932,2610-272931,Πάτρα,ΑΓ.ΑΝΔΡΕΟΥ 145,262 21,2610-279233,,
ΕΛΕΝΑ,,1,,,26420-22509,26420-22944,Αμφιλοχία,ΧΑΒΙΝΗ 35,305 00,,,
ΕΛΕΥΘΕΡΙΑ – ΛΙΜΠΕΡΤΥ,"


0.5 Χλμ
",3,www.hotelliberty.gr,info@hotelliberty.gr,26310-24560,26310-28050,Μεσολόγγι,ΗΡΩΩΝ ΠΟΛΥΤΕΧΝΕΙΟΥ 41,302 00,26310-24831,,
ΕΛΛΗ,,2,,konstantopouloschris@yahoo.gr,26440-51205,,Βαρειά,ΒΑΡΕΙΑ ΤΡΙΧΩΝΙΔΑΣ ΑΙΤΩΛ/ΝΙΑΣ,300 10,26440-51437,,
ΕΛΛΗΝΙΚΟ ΣΠΙΤΙ,"


1 Χλμ
",4,www.mghotels.gr,info@mghotels.gr,2610-241212,,Πάτρα,25ΗΣ ΜΑΡΤΙΟΥ 116,262 25,2610-241213,,
ΕΛΛΗΝΙΚΟ ΣΠΙΤΙ ΙΙ,"


1 Χλμ
",4,www.mghotels.gr,info@mghotels.gr,2610-241212,,Πάτρα,25ΗΣ ΜΑΡΤΙΟΥ 114,262 25,2610-241213,,
ΕΛΛΗΝΙΣ,"


0.5 Χλμ
",2,,mariahellinis@hotmail.com,26220-28975,,Αμαλιάδα,ΟΘΩΝΟΣ  &  ΑΜΑΛΙΑΣ 9,272 00,26220-24150,,
ΕΠΟΧΕΣ,"


10 Χλμ
",1,,mgrigorop@gmail.com,2610-931450,,Ροδινή,,265 04,,261-0931450,
ΕΡΜΗΣ,"


1 Χλμ
",1,,,26240-22577,,Αρχαία Ολυμπία,ΚΟΝΔΥΛΗ 63,270 65,,,
ΕΣΠΕΡΙΑ ΜΠΟΥΤΙΚ ΧΟΤΕΛ,"


2 Χλμ
",3,www.esperiahotel.gr,info@esperiahotel.gr,26410-23033,26410-55253,Αγρίνιο,ΧΑΡ.ΤΡΙΚΟΥΠΗ 31,301 00,26410-44641,,
ΕΥΡΩΠΗ,"


0.8 Χλμ
",4,www.hoteleuropa.gr,hoteleuropa@hoteleuropa.gr,26240-22650,26240-22700,Αρχαία Ολυμπία,ΑΡΧΑΙΑ ΟΛΥΜΠΙΑ,270 65,26240-23166,,
ΖΑΡΟΥΧΛΑ ΙΝΝ,,3,,moikonimop@yahoo.gr,2696031264,,Ζαρούχλα,ΖΑΡΟΥΧΛΑ ΑΚΡΑΤΑΣ 0,25006,,,
ΖΟΡΜΠΑΣ,"


10 Χλμ
",3,www.zorbashotel.eu,info@zorbashotel.eu,26210-54238,26210-54638,Μυρτέα,ΜΥΡΤΙΑ ΗΛΕΙΑΣ,271 00,26210-54233,,
Η ΕΛΑΤΟΥ,"


8 Χλμ
",2,www.hotel-elatou.gr,info@hotel-elatou.gr,26340-53000,6945510000,Ελατού,ΕΛΑΤΟΥ ΝΑΥΠΑΚΤΙΑΣ,300 24,2634053000,,
Η ΣΕΛΗΝΗ,"


0.5 Χλμ
",1,www.selini-hotel.gr,selini2009@gmail.com,26410-22798,26410-47076,Αγρίνιο,ΣΠ.ΤΣΙΚΝΙΑ 4,301 00,26410-47076,,
ΗΛΕΑΣ ΦΙΛΟΞΕΝΙΑ,,3,,info@ileas.gr,2623096085,,Γλύφα,,27050,2623032942,,
ΗΛΕΚΤΡΑ,"


2 Χλμ
",3,www.elektra-hotel.gr,info@elektra-hotel.gr,26430-42100,,Πάλαιρος,ΠΑΛΑΙΡΟΣ ΑΙΤ/ΝΙΑΣ,300 12,26430-41976,,
ΗΛΙΔΑ,,2,www.hotelilida.gr,info@hotelilida.gr,26210-28046,26210-28047,Πύργος,ΠΑΤΡΩΝ  &  ΔΕΛΗΓΙΑΝΝΗ 50,271 00,26210-22047,,
ΗΛΙΟΝ,"


4 Χλμ
",2,www.nafpaktoshotel.gr,info@nafpaktoshotel.gr,26340-38088,2634021222,Ναύπακτος,ΝΤΑΛΙΑΝΗ 7,303 00,26340-25830,,
ΗΛΙΟΣ,,3,,,26430-41111,,Πάλαιρος,ΠΑΛΑΙΡΟΣ ΑΙΤ/ΝΙΑΣ,300 12,,,
ΗΛΙΣ,"


0.2 Χλμ
",3,www.olympiahotels.gr,info@olympiahotels.gr,26240-22547,,Αρχαία Ολυμπία,ΠΡΑΞΙΤΕΛΟΥΣ ΚΟΝΔΥΛΗ 59,270 65,26240-22112,2624-022506,2624-022112
ΗΡΑΚΛΗΣ,"


0.2 Χλμ
",2,www.hotelhercules.gr,info@hotelhercules.gr,26240-22696,6973829042,Αρχαία Ολυμπία,ΤΣΟΥΡΕΚΑΚΑΙΣΠΗΛΙΟΠΟΥΛΟΥ,270 65,26240-23035,,
ΘΑΛΑΣΣΑ,"


1 Χλμ
",3,www.thalassaspahotel.gr,info@thalassaspahotel.gr,26430-41111,26430-41110,Πάλαιρος,ΠΑΛΑΙΡΟΣ ΑΙΤ/ΝΙΑΣ,300 12,26430-41441,,
ΘΕΑΣΗ,"


14 Χλμ
",3,www.theasi.gr,info@theasi.gr,26910-43611,,Τράπεζα,ΚΑΜΙΝΙ ΤΡΑΠΕΖΑΣ ΔΙΑΚΟΠΤΟΥ,250 03,26910-43612,,
ΘΕΜΙΣΤΩ,"


6 Χλμ
",2,www.themisto.gr,themistohotel@gmail.com,26910-81888,,Νικολαίικα,ΝΙΚΟΛΕΙΚΑ ΑΙΓΙΟΥ,251 00,26910-81990,,
ΘΕΟΞΕΝΕΙΑ,"


0.5 Χλμ
",3,www.theoxenia-hotel.gr,info@theoxenia-hotel.gr,26310-22493,2631022683,Μεσολόγγι,ΤΟΥΡΛΙΔΟΣ 2,302 00,26310-22230,,
ΘΕΟΞΕΝΙΑ,"


0.5 Χλμ
",3,www.theoxeniahotel.eu,theoxeniaandritsaina@gmail.com,26260-22219,26260-22235,Ανδρίτσαινα,,270 61,26260-22219,2626-022270,
ΘΕΡΜΙΟΣ ΑΠΟΛΛΩΝ,"


1 Χλμ
",3,www.apollonhotel.gr,koukos@apollonhotel.gr,26440-24024,26440-24330,Θέρμο,ΚΟΥΤΣΟΥΡΟ ΘΕΡΜΟΥ ΑΙΤΩΛ/ΝΙΑΣ,300 08,26440-24025,,
ΘΕΣΜΟΣ ΧΩΡΙΟ,,3,www.thesmosvillage.gr,ligonispar@gmail.com,2646081060,2109651507,Αρχοντοχώρι,,30019,2646081060,2109651507,2109651507
ΘΕΣΤΙΟΣ,"


12 Χλμ
",3,www.thestios.gr,info@thestios.gr,26410-48513,26410-46878,Άνω Βλοχός,,300 10,26410-48513,,
ΘΥΡΙΟ,,2,,,000-0000000,,Θύριο,ΘΥΡΙΟ ΑΙΤΩΛΟΑΚΑΡΝΑΝΙΑΣ,300 02,,,
Ι. ΣΠΟΝ,"


2 Χλμ
",3,www.portovenezianohotel.gr,sponhotel@gmail.com,26340-29104,,Ναύπακτος,ΝΟΤΗ ΜΠΟΤΣΑΡΗ,303 00,26340-29957,,
ΙΛΑΚΙΑ,"


0.02 Χλμ
",4,www.ilakia.gr,ilakiain@otenet.gr,26250-41366,6948-600028,Φιγαλεία,ΦΙΓΑΛΕΙΑ ΗΛΕΙΑΣ,270 56,210-4223360,210-4223338,210-4223360
ΙΟΝΙΚΗ ΑΚΤΗ,"


12 Χλμ
",3,www.ionianbeach.gr,info@ionianbeach.gr,2693051300,,Λακκόπετρα,ΛΑΚΚΟΠΕΤΡΑ,252 00,26930-51184,21-02512358,21-02523702
ΙΟΝΙΟ ΜΠΗΤΣ,"


7 Χλμ
",3,www.ionion-hotel.gr,info@ionion-hotel.gr,26230-96001,26230-96400,Γλύφα,ΓΛΥΦΑ ΗΛΕΙΑΣ,270 50,26230-96007,2623-096001,2623-096007
ΙΟΝΙΟΝ,"


0.1 Χλμ
",2,www.hotelionion.gr,info@hotelionion.gr,26230-92234,,Κυλλήνη,ΚΥΛΛΗΝΗ,270 68,26230-92318,,
ΙΟΝΙΟΝ,"


7 Χλμ
",2,,ioniohotel@gmail.com,26210-41494,,Κατάκολο,ΚΑΤΑΚΟΛΟ ΗΛΕΙΑΣ,270 67,26210-41321,6932-591650,
ΙΟΝΙΟΝ ΣΗ,"


3 Χλμ
",2,,ioniosea@otenet.gr,26210-28828,26210-31574,Πύργος,4 ΕΟ ΠΥΡΓΟΥ ΠΑΤΡΩΝ,271 00,26210-26932,,
ΙΟΝΙΟΝ ΣΤΑΡ,,2,ionionstar.com,ionionstar@yahoo.gr,2625061886,6989442509,Κάτω Ταξιάρχες,,27054,,2625061886,
ΚΑΒΟ ΜΥΤΙΚΑΣ,"


0.4 Χλμ
",2,www.cavomytikas.gr,info@cavomytikas.gr,26460-81323,,Μύτικας,ΜΥΤΙΚΑΣ ΑΙΤΩΛ/ΝΙΑΣ,300 19,26460-81244,,
ΚΑΪΑΦΑΣ ΛΕΪΚ,"


2 Χλμ
",3,www.kaiafaslakehotel.gr,info@kaiafaslakehotel.gr,26250-32954,26250-33800,Καϊάφας,,270 54,26250-33800,6972-443737,2625-033800
ΚΑΛΑΒΡΥΤΑ ΚΑΝΥΟΝ,"


0.5 Χλμ
",4,www.kalavritacanyon.gr,info@kalavritacanyon.gr,26920-22004,,Καλάβρυτα,ΕΘΝΙΚΗΣ ΑΝΤΙΣΤΑΣΕΩΣ & ΣΚΑΛΤΣΑ,250 01,26920-24305,,
ΚΑΛΛΙΡΡΟΗ,"


0.1 Χλμ
",3,www.kallirroehotel.gr,info@kallirroehotel.gr,2610-990255,2610-993372,Ρίο,ΑΘΗΝΩΝ 67Α,265 00,2610-995458,,
ΚΑΝΕΛΛΗ,"


6 Χλμ
",3,www.hotelkanelli.gr,info@hotelkanelli.gr,26910-72442,26910-72213,Σελιανίτικα,ΣΕΛΙΑΝΙΤΙΚΑ ΑΙΓΙΟΥ,251 00,26910-72442,,
ΚΑΝΝΑΒΕΙΚΟ,"


0.3 Χλμ
",2,www.kannaveiko.gr,info@kannaveiko.gr,26340-41077,,Άνω Χώρα,,300 23,26340-26233,,
ΚΑΡΑΜΕΡΟΣ,,3,,karameroshotel@outlook.com,2624041111,2624041226,Λάλας,,27066,,,
ΚΑΣΤΕΛΟ,"


0.4 Χλμ
",3,www.castellohotel.gr,castellopatra@gmail.com,2610-992957,2610-992986,Ρίο,ΡΙΟ ΠΑΤΡΩΝ,265 00,2610-992986,,
ΚΑΣΤΕΛΟ ΣΙΤΥ,,3,,castellocitypatra@gmail.com,2610252000,,Πάτρα,ΑΓ. ΑΝΔΡΕΟΥ  118,26221,,,
ΚΑΣΤΡΑΚΙ,,3,www.kastrakivillage.gr,info@kastrakivillage.gr,26410-98351,,Καστράκι,ΚΑΣΤΡΑΚΙ ΑΙΤ/ΝΙΑΣ,301 00,,,
ΚΑΣΤΡΟ ΘΕΡΕΤΡΟ,"


2.5 Χλμ
",4,www.castleresort.gr,info@castleresort.gr,26920-24556,,Καλάβρυτα,ΑΓΙΑ ΠΑΡΑΣΚΕΥΗ,250 01,26920-29089,,
ΚΕΔΡΟΣ,,3,www.kedroskalavrita.gr,soukasand@yahoo.gr,26920-24004,,Σκεπαστό,,250 01,,,
ΚΛΕΟΠΑΤΡΑ,,3,,savoulaz@gmail.com,26430-81300,,Περατιά,,300 12,,,
ΚΟΡΑΛΙ ΘΕΡΕΤΡΟ,,3,http://corali-club.gr/,corali.luxury.resort@gmail.com,2641050885,,Παναιτώλιο,6ο χιλ. ε.ο. Αγρινίου - Μεσολογγίου,301 31,2641050400,,
ΚΡΟΝΙΟΝ,"


0.4 Χλμ
",3,www.hotelkronio.gr,hotelkronio@hotmail.com,26240-22188,26240-29022,Αρχαία Ολυμπία,ΤΣΟΥΡΕΚΑ 1,270 65,26240-22502,2624-022188,2624-022502
ΚΥΑΝΗ ΑΚΤΗ,"


7 Χλμ
",1,www.kianiakti.gr,info@kianiakti.gr,26910-72555,26910-72655,Σελιανίτικα,ΣΕΛΙΑΝΙΤΙΚΑ ΑΙΓΙΟΥ,251 00,26910-72655,,
ΚΥΜΑΤΑ,"


0.3 Χλμ
",1,,,26460-81311,,Μύτικας,,300 19,,,
ΚΥΝΑΙΘΑ,"


0.1 Χλμ
",3,www.kynaitha.gr,kynaitha@otenet.gr,26920-22609,,Καλάβρυτα,ΕΘΝ.ΑΝΤΙΣΤΑΣΕΩΣ 11,250 01,26920-24568,,
ΚΥΠΡΙΩΤΗΣ,"


7 Χλμ
",2,,konstkip78@hotmail.com,26230-96165,,Λυγιά,ΛΥΓΙΑ-ΒΑΡΘΟΛΟΜΙΟΥ-ΗΛΕΙΑΣ,270 50,2623096165,6948049352,
ΚΩΝΣΤΑΝΤΙΝΟΣ ΠΑΛΑΙΟΛΟΓΟΣ,"


0.01 Χλμ
",4,www.byzantino-hotel.gr,info@byzantino-hotel.gr,2610-243000/2,,Πάτρα,ΓΕΡΟΚΩΣΤΟΠΟΥΛΟΥ 20,262 21,2610-622150,,
ΛΑΛΑΣ ΒΙΛΑΤΖ,,3,,lalasvillage@gmail.com,26240-41270,,Λάλας,ΛΑΛΑ ΗΛΕΙΑΣ,270 66,26240-41270,,
ΛΑΜΠΕΙΑ ΟΡΗ,"


65 Χλμ
",2,www.lampeia-ori.gr,info@lampeia-ori.gr,2624081323,,Λάμπεια,ΛΑΜΠΕΙΑ ΗΛΕΙΑΣ,270 63,,2104974528,
ΛΑΠΙΘΑ,"


7 Χλμ
",1,www.kaiafas.com,info@kaiafas.com,26250-32252,26250-32234,Καϊάφας,ΖΑΧΑΡΩ ΗΛΕΙΑΣ,270 54,26250-32252,,
ΛΕΜΟΝΙΕΣ,"


15 Χλμ
",1,,hotel_lemonies@yahoo.gr,26910-41229,,Διακοπτό,ΔΙΑΚΟΠΤΟ ΑΙΓΙΑΛΕΙΑΣ,250 03,,,
ΛΕΤΡΙΝΑ,"


1 Χλμ
",3,,hotelletrina@gmail.com,26210-25150,33644,Πύργος,ΜΗΤΡΟΠΟΛΙΤΟΥ ΑΝΤΩΝΙΟΥ 74,271 00,26210-33664,,
ΛΗΔΑ,"


1.5 Χλμ
",2,www.hotellida.com,hotellida@gmail.com,26920-24784,,Καλάβρυτα,,250 01,26920-24786,,
ΛΗΤΩ,"


1 Χλμ
",2,https://leto-hotel.gr/,leto-hotel@across.gr,26410-23043,2310476131,Αγρίνιο,ΠΛΑΤΕΙΑ ΔΗΜΟΚΡΑΤΙΑΣ 7,301 00,26410-39071,2310476131,2310476132
ΛΙΝΤΖΙ,"


12 Χλμ
",2,www.lintzi.gr,mdionisios@yahoo.gr,6945775401,2623096483,Αρκούδι,ΑΡΚΟΥΔΙ ΛΥΓΙΑΣ ΗΛΙΑΣ,270 50,26230-96119,2623-096120,2623-096119
ΜΑΚΡΑ ΑΚΤΗ -ΛΟΝΓΚ ΜΠΗΤΣ,"


7 Χλμ
",4,www.longbeach.gr,drogalas@longbeach.gr,26910-72196,,Λόγγος,ΛΟΓΓΟΣ ΑΙΓΙΟΥ,250 09,26910-72373,2691-072197,2691-072196
ΜΑΡΕ ΝΤΕΪ,"


6 Χλμ
",4,www.maredei.gr,info@maredei.gr,26210-81119,,Λεβεντοχώρι,ΛΕΒΕΝΤΟΧΩΡΙ ΗΛΕΙΑΣ,271 00,,,
ΜΑΡΙ ΠΑΛΑΙ,"


1 Χλμ
",2,www.mariepalace.gr,mpalace1@otenet.gr,2610-331302,,Πάτρα,ΓΟΥΝΑΡΗ 6,262 22,2610-331346,,
ΜΑΡΙΛΗ,"


0.2 Χλμ
",2,www.hotelmarily.gr,info@hotelmarily.gr,26210-28133,26210-28134,Πύργος,ΔΕΛΗΓΙΑΝΝΗ  &  ΘΕΜΙΣΤΟΚΛ.,271 00,26210-27066,,
ΜΑΡΠΗΣΣΑ,,4,www.marpessa.gr,welcome@marpessa.gr,26410-47500,,Αγρίνιο,ΠΑΠΑΣΤΡΑΤΟΥ 76,30100,2641047552,,
ΜΕΛΑΜΠΟΥΣ,,3,,melampoushotel@gmail.com,26920-83444,,Κάτω Λουσοί,,250 01,,,
ΜΕΝΤΙΤΕΡΑΝΕ,"


3 Χλμ
",2,www.mediterranne.gr,info@mediterranee.gr,2610-279602,2610-279646,Πάτρα,ΑΓ.ΝΙΚΟΛΑΟΥ 18-Ρ.ΦΕΡΡΑΙΟΥ,262 21,2610-223327,,
ΜΙΚΡΗ ΑΡΧΟΝΤΙΣΣΑ,,3,www.vlasiahotel.gr,info@vlasiahotel.gr,26920-41003,,Άνω Βλασία,,250 13,,,
ΜΟΝΤ ΧΕΛΜΟΣ,"


0.2 Χλμ
",3,www.monthelmos.gr,mthelmos@otenet.gr,26920-31221,26920-31392,Κλειτορία,ΚΛΕΙΤΟΡΙΑ ΑΧΑΙΑΣ,250 07,26920-31859,,
ΜΟΞΥ ΠΑΤΡΑ ΜΑΡΙΝΑ,,3,https://www.marriott.com/hotels/travel/gpaox-moxy-patra-marina/,captain@moxypatra.com,2610-425494,2610-432098,Πάτρα,ΗΡΩΩΝ ΠΟΛΥΤΕΧΝΕΙΟΥ-ΚΥΠΡΟΥ,265 00,,,
ΜΠΕΛ ΜΑΡΕ,"


1 Χλμ
",2,,belmarevonitsa@yahoo.com,26430-22394,26430-22563,Βόνιτσα,,300 02,26430-22564,,
ΜΠΕΛΕΝΗΣ,"


7 Χλμ
",2,,pmilitsopoulos@gmail.com,26920-31831,26920-31688,Πλανητέρο,,250 07,26920-31835,,
ΜΠΡΑΤΗΣ,"


15 Χλμ
",2,www.brati-hotels.gr,info@brati-hotels.gr,26230-96350,26230-96451,Αρκούδι,ΑΡΚΟΥΔΙ ΒΑΡΘΟΛΟΜΙΟΥ ΗΛΕΙΑ,270 50,26230-96266,2623096350,2623096266
ΜΠΡΑΤΗΣ ΙΙ,"


15 Χλμ
",2,www.brati-hotels.gr,bratibeach@gmail.com,26230-96364,,Αρκούδι,ΑΡΚΟΥΔΙ ΛΥΓΙΑΣ ΗΛΕΙΑΣ,270 50,26230-96500,2623-041350,2623-096500
ΝΑΪΑΔΕΣ ΒΙΛΛΕΣ,,4,,naiades.villas@yahoo.gr,26930-22080,,Νιφοραίικα,ΝΙΦΟΡΑΙΙΚΑ ΑΧΑΙΑΣ,252 00,,,
ΝΑΥΜΑΧΙΑ ΤΗΣ ΝΑΥΠΑΚΤΟΥ,,3,,di.anagnostopoulos@gmail.com,6936182333,,Ναύπακτος,ΙΛΑΡΧΟΥ ΤΖΑΒΕΛΑ 37,30300,,,
ΝΑΥΠΑΚΤΟΣ,"


1 Χλμ
",3,www.hotelnafpaktos.gr,info@hotelnafpaktos.gr,26340-29551,26340-29552,Ναύπακτος,ΚΟΡΥΔΑΛΕΩΣ 4,303 00,26340-29553,,
ΝΑΥΣ,"


0.4 Χλμ
",3,www.nafshotel.gr,chrispasisis@yahoo.gr,26340-38216,,Ναύπακτος,ΑΘ.ΝΟΒΑ 33,303 00,26340-38217,,
ΝΕΑ ΕΥΡΩΠΗ,"


25 Χλμ
",4,www.hotesleuropa.gr,hoteleuropa@hoteleuropa.gr,26240-23850,26240-22650,Αρχαία Ολυμπία,ΑΡΧΑΙΑ ΟΛΥΜΠΙΑ ΗΛΕΙΑΣ,270 65,26240-23166,,
ΝΕΔΑ,"


0.2 Χλμ
",3,www.hotelneda.gr,info@hotelneda.gr,26240-22563,26240-22692,Αρχαία Ολυμπία,Κ.ΚΑΡΑΜΑΝΛΗ 1,270 65,26240-22206,,
ΝΕΣΤΩΡ,"


0.3 Χλμ
",2,,nestorhotelzacharo@hotmail.com,26250-31206,26250-32066,Ζαχάρω,ΣΙΔΗΡ.ΣΤΑΘΜΟΥ 7,270 54,26250-31206,2625031206,2625031206
ΝΙΚΗ,,1,www.hotelniki.gr,ntsarpalias@hotmail.com,26340-28901,26340-28902,Ναύπακτος,ΤΖΑΒΕΛΑ 67,303 00,26340-27262,,
ΝΙΦΟΡΕΙΚΑ ΑΚΤΗ,"


3 Χλμ
",3,www.niforeika-beach.gr,info@niforeika-beach.gr,26930-22539,26930-24539,Νιφοραίικα,ΘΑΛΑΣΣΑ ΝΙΦΟΡΕΙΚΩΝ ΑΧΑΙΑΣ,252 00,26930-22890,2693024539,2693022890
ΝΤΑΛΛΑΣ,,2,,,26440-51315,,Μυρτιά,ΚΑΤΩ ΜΥΡΤΙΑ ΘΕΡΜΟΥ,300 08,,,
ΝΤΟΥΓΚΑΣ,"


14 Χλμ
",2,www.hotel-dougas.com,info@hotel-dougas.com,26230-96432,,Αρκούδι,ΑΡΚΟΥΔΙ ΗΛΕΙΑΣ,270 50,26230-96126,,
ΞΕΝΙΑ,"


9 Χλμ
",2,,,26940-31240,26940-31378,Καλέντζι,ΕΡΥΜΑΝΘΕΙΑ,250 15,26940-31240,2694-031240,
ΞΕΝΙΑ,"


1 Χλμ
",3,,,26340-22301,26340-22303,Ναύπακτος,ΝΑΥΠΑΚΤΟΣ,303 00,,,
ΞΕΝΙΟΣ,"


4 Χλμ
",3,www.anohora.com,info@anohora.com,6977574551,,Κάτω Χώρα,,300 23,26340-41112,2634041111,2634041112
ΞΕΝΟΔΟΧΕΙΟ ΟΛΥΜΠΙΑΚΟ ΧΩΡΙΟ,"


0.5 Χλμ
",4,www.olympicvillagehotel.com,htlolvil@otenet.gr,26240-22211,26240-22212,Αρχαία Ολυμπία,ΑΡΧΑΙΑ ΟΛΥΜΠΙΑ,270 65,26240-22812,,
Ο ΓΕΡΑΣΙΜΟΣ,"


17 Χλμ
",2,,ger_menidi@yahoo.gr,26810-88230,,Μενίδι,,300 16,26810-88170,,
Ο ΕΛΑΙΩΝΑΣ ΤΟΥ ΖΕΛΙΟΥ,"


20 Χλμ
",4,www.elaionaszeliou.gr,info@thermozel.gr,26340-45056,,Κάτω Καλαβρούζα,ΚΑΤΩ ΚΑΛΑΒΡΟΥΖΑ ΝΑΥΠΑΚΤΟΥ,300 14,26340-45055,,
Ο ΚΕΔΡΟΣ,,3,,,6979229304,,Άγιος Δημήτριος,,30022,,,
Ο ΠΥΡΓΟΣ ΤΗΣ ΖΑΡΟΥΧΛΑΣ,"


35 Χλμ
",4,www.pyrgoszarouhlas.gr,info@pyrgoszarouhlas.gr,26960-33934,210-6439488,Ζαρούχλα,ΖΑΡΟΥΧΛΑ ΚΑΛΑΒΡΥΤΩΝ,250 06,210-6440416,21-06439488,21-06440416
ΟΔΥΣΣΕΑΣ,"


9 Χλμ
",2,,hot_odys@otenet.gr,26210-42190,26210-41021,Κορακοχώρι,ΚΟΡΑΚΟΧΩΡΙ-ΠΥΡΓΟΥ ΗΛΕΙΑΣ,270 67,26210-42021,21-06022470,21-06022470
ΟΙΝΟΜΑΟΣ,,2,www.hotelinomaos.gr,,26240-22056,,Αρχαία Ολυμπία,ΑΡΧΑΙΑ ΟΛΥΜΠΙΑ,270 65,26240-22516,2624-022056,2624-022516
ΟΛΥΜΠΙΑ,"


7 Χλμ
",2,www.etad.gr,kaiafas@etasa.gr,26250-31710,26250-31707,Καϊάφας,ΚΑΙΑΦΑΣ,270 54,26250-31709,+302625031710,+3026250-31709
ΟΛΥΜΠΙΑ ΓΚΟΛΝΤΕΝ ΜΠΗΤΣ,"


10 Χλμ
",5,www.ogb.gr,andreas@ogb.gr,26230-95999,,Κάστρο,ΚΑΣΤΡΟ ΗΛΕΙΑΣ,270 50,26230-95003,,
ΟΛΥΜΠΙΑ ΠΑΛΛΑΣ,"


1 Χλμ
",4,www.olympia-palace.gr,olympiaplc@otenet.gr,26240-23101,,Αρχαία Ολυμπία,ΠΡΑΞΙΤΕΛΟΥΣ-ΚΟΝΔΥΛΗ,270 65,26240-22525,,
ΟΛΥΜΠΙΑ ΡΙΒΙΕΡΑ ΘΕΡΕΤΡΟ,"


15 Χλμ
",5,www.olympiarivierathalasso.com,reservations.or@grecotel.com,26230-64400,,Λουτρά Κυλλήνης,ΛΟΥΤΡΑ ΚΥΛΛΗΝΗΣ,270 50,26230-64550,,
ΟΛΥΜΠΙΑΚΗ ΔΑΔΑ,,2,www.olympic-torch.gr,info@olympic-torch.gr,26240-22668,26240-22568,Αρχαία Ολυμπία,ΠΡΑΞΗΤΕΛΟΥΣ ΚΟΝΔΙΛΗ 89,270 65,26240-23111,2624-022568,2624-023111
ΟΛΥΜΠΙΑΚΟ ΑΣΤΕΡΙ,"


1 Χλμ
",2,www.olympicstar.gr,info@olympicstar.gr,2610-622939,2610224103,Πάτρα,ΑΓΙΟΥ ΝΙΚΟΛΑΟΥ 46,265 00,2610243754,,
ΟΛΥΜΠΙΑΚΟ ΧΩΡΙΟ ΑΛΝΤΕΜΑΡ,"


13 Χλμ
",5,www.aldemarhotels.com,ov@aldemarhotels.com,26210-82000,,Σκαφιδιά,ΣΚΑΦΙΔΙΑ ΗΛΕΙΑΣ,271 00,26210-54647,210-6288402,26210-54647
ΟΛΥΜΠΙΚ ΙΝΝ-ΟΛΥΜΠΙΑΚΟ ΠΑΝΔΟΧΕΙΟ,"


0.7 Χλμ
",2,,olympicinnhotel@gmail.com,26220-23909,26220-28334,Αμαλιάδα,ΦΙΛΕΛΛΗΝΩΝ 10,272 00,26220-23910,,
ΟΛΥΜΠΙΟΝ ΑΣΤΥ,"


1 Χλμ
",4,www.olympionasty.gr,olasty@otenet.gr,26240-23665,26240-23667,Δρούβα,ΟΙΚΙΣΜΟΣ ΔΡΟΥΒΑ,270 65,26240-23123,6944684239,2624023123
ΟΛΥΜΠΙΟΣ ΖΕΥΣ,"


7 Χλμ
",3,www.olympioszeus.gr,reception@olympioszeus.gr,26920-22595,,Κάτω Ζαχλωρού,ΚΑΤΩ ΖΑΧΛΩΡΟΥ ΚΑΛΑΒΡΥΤΩΝ,250 01,,,
ΟΛΥΜΠΟΣ,"


0.5 Χλμ
",2,www.hotelolympos.gr,hotelolympos@otenet.gr,26210-33650,26210-33651,Πύργος,ΚΑΡΚΑΒΙΤΣΑ 2,271 00,26210-33652,,
ΟΡΕΙΑΔΕΣ,"


20 Χλμ
",4,www.oriades.gr,,26920-22184,,Βιλιβίνα,ΒΙΛΙΒΙΝΑ ΚΑΛΑΒΡΥΤΩΝ,250 01,,,
ΟΡΙΖΟΝΤΕΣ ΒΙΟΥ,"


12 Χλμ
",3,www.orizonteshotel.gr,info@orizonteshotel.gr,26210,26210-41910,Κατάκολο,ΚΑΤΑΚΟΛΟ ΗΛΕΙΑΣ,271 00,26210-41920,2621041910,2621041920
ΟΣΚΑΡ,"


0.8 Χλμ
",2,,info@agrinioimperial.gr,26420-22155,26420-22880,Αμφιλοχία,Ν.ΣΤΡΑΤΟΥ 6,305 00,26420-22867,,
ΟΣΤΡΙΑ ΚΑΚΟΒΑΤΟΣ,"


2 Χλμ
",3,www.ostria-kakovatos.gr,info@ostria-kakovatos.gr,26250-31964,6972008280,Κακόβατος,ΚΑΚΟΒΑΤΟΣ ΗΛΕΙΑΣ,270 54,26250-33464,,
ΠΑΛΑΙΡΟΣ,,3,,,26430-41891,26430-42103,Πάλαιρος,,300 12,,,
ΠΑΛΑΙΡΟΣ ΜΠΗΤΣ,"


1 Χλμ
",4,www.aktipalairos.gr,n.psichogiou@aktipalairos.gr,26430-41891,26430-41893,Πάλαιρος,,300 12,26430-41879,6978-112472,
ΠΑΝΑΓΙΩΤΗΣ,"


0.5 Χλμ
",2,,giorgosstamatelos@yahoo.gr,26910-71840,26910-71401,Σελιανίτικα,ΣΕΛΙΑΝΙΤΙΚΑ ΑΙΓΙΟΥ,251 00,26910-73373,,
ΠΑΝΘΕΟΝ,"


0.5 Χλμ
",2,www.pantheonpyrgos.gr,pantheonpurgos@gmail.com,26210-29746,2621029747,Πύργος,ΘΕΜΙΣΤΟΚΛΕΟΥΣ 15,271 00,26210-36791,,
ΠΑΝΟΡΑΜΑ,"


12 Χλμ
",2,www.greecepanorama.gr,greecepanorama@gmail.com,26910-41614,,Διακοπτό,ΔΙΑΚΟΠΤΟ ΑΙΓΙΟΥ,250 03,26910-41615,,
ΠΑΡΑΔΕΙΣΟΣ,"


15 Χλμ
",2,,info@killiniparadisehotel.com,26230-95209,6932464418,Κάστρο,ΚΑΣΤΡΟ ΚΥΛΛΗΝΗΣ,270 50,26230-95451,2623-095450,2623-095451
ΠΑΡΑΛΙΑ ΑΚΡΑΤΑΣ,"


2 Χλμ
",3,www.akratabeach.gr,hotel@akratabeach.gr,26960-31180,26960-31181,Ακράτα,ΑΚΡΑΤΑ ΑΙΓΙΑΛΕΙΑΣ,250 06,26960-31813,,
ΠΑΡΑΛΙΑ ΑΝΑΛΗΨΗΣ,"


14 Χλμ
",3,www.george-resort.com,george_resort@hotmail.com,26230-95045,6974-710318,Κυλλήνη,ΑΝΑΛΗΨΗ,270 50,26230-95045,2623-095376,
ΠΑΡΑΛΙΑΚΟ,"


12 Χλμ
",1,,gziogas@ymail.com,26250-32800,,Κακόβατος,,270 54,26250-32800,,
ΠΑΤΡΑ ΠΑΛΛΑΣ,,4,www.patraspalace.gr,info@patraspalace.gr,2610-623131,,Πάτρα,ΟΘΩΝΟΣ ΑΜΑΛΙΑΣ 15,262 23,2610-623972,,
ΠΑΥΛΙΝΑ,"


4.5 Χλμ
",4,www.pavlinahotel.gr,hpb@otenet.gr,26930-24040,023555,Νιφοραίικα,ΝΙΦΟΡΕΙΚΑ ΑΧΑΙΑΣ,252 00,26930-22020,,
ΠΕΛΟΨ,"


0.1 Χλμ
",2,www.hotelpelops.gr,hotelpelops@hotelpelops.gr,26240-22543,26240-22792,Αρχαία Ολυμπία,ΑΡΧΑΙΑ ΟΛΥΜΠΙΑ,270 65,26240-22213,,
ΠΗΓΑΣΟΣ,"


0.3 Χλμ
",2,,hotelpegasus@gmail.com,26430-23480,26430-23481,Βόνιτσα,ΒΟΝΙΤΣΑ ΑΙΤΩΛ/ΝΙΑΣ,300 02,26430-23482,,
ΠΗΝΕΛΟΠΗ,"


2 Χλμ
",2,,eleni.chrysikopoulou@gmail.com,26340-45493,26410-25534,Κάτω Βασιλική,,300 14,,,
ΠΛΑΖ,"


7 Χλμ
",2,www.hotelplaz.gr,info@hotelplaz.gr,26910-72206,26910-74150,Σελιανίτικα,ΣΕΛΙΑΝΙΤΙΚΑ ΑΙΓΙΟΥ,251 00,2691071917,,
ΠΛΑΖΑ,"


0.5 Χλμ
",2,www.plaza-hotel.gr,info@plaza-hotel.gr,26340-25256,26340-24246,Ναύπακτος,ΝΑΥΜΑΧΙΑΣ 37,303 00,26340-23174,6973-851983,
ΠΟΡΤΟ ΠΑΛΜΟΣ,"


7 Χλμ
",3,www.portopalmos.com,info@portopalmos.com,26430-41991,26430-41992,Βαρκό,ΒΑΡΚΟ ΠΟΓΩΝΙΑΣ ΑΙΤΩΛ/ΝΙΑΣ,300 12,26430-41993,,
ΠΟΡΤΟ ΡΙΟ,"


2 Χλμ
",4,www.portoriohotel.gr,info@portoriohotel.gr,2610-992102,2610-992212,Ρίο,ΡΙΟ ΠΑΤΡΩΝ,265 00,2610-992115,,
ΠΟΣΕΙΔΩΝ,"


0.1 Χλμ
",1,,pensionposidon@yahoo.gr,26240-22567,,Αρχαία Ολυμπία,ΑΡΧΑΙΑ ΟΛΥΜΠΙΑ,270 65,,,
ΠΟΣΕΙΔΩΝ,"


6 Χλμ
",3,www.poseidon-hotels.gr,info@poseidon-hotels.gr,2610-671602,2610-671624,Καμίνια,ΚΑΜΙΝΙΑ ΑΧΑΙΑΣ,250 02,2610-671646,,
ΠΟΣΕΙΔΩΝ ΠΑΛΛΑΣ,"


6 Χλμ
",4,www.poseidon-hotels.gr,kaperonis@poseidon-hotels.gr,2610-241313,,Καμίνια,ΚΑΜΙΝΙΑ ΠΑΤΡΩΝ,250 02,2610-241315,,
ΠΟΣΕΙΔΩΝ ΠΑΛΛΑΣ ΔΙΑΜΕΡΙΣΜΑΤΑ,,4,www.poseidon-hotels.gr,info@poseidon-hotels.gr,2610-241313,,Καμίνια,ΚΑΜΙΝΙΑ ΠΑΤΡΩΝ,250 02,2610-241315,,
ΠΡΑΣΙΝΟ ΣΤΗ ΘΑΛΑΣΣΑ,"


20 Χλμ
",3,www.verdealmare.gr,info@verdealmare.gr,26930-31111,26930-31750,Καλόγρια,,270 52,26930-31760,,
ΠΡΙΜΑΡΟΛΙΑ ΑΡΤ ΟΤΕΛ,"


1 Χλμ
",3,www.arthotel.gr,primarolia@arthotel.gr,2610-624900,,Πάτρα,ΟΘΩΝΟΣ-ΑΜΑΛΙΑΣ 33,262 21,2610-623559,,
ΡΕΞ,"


0.2 Χλμ
",3,,nadinax@gmail.com,26250-31221,26250-31275,Ζαχάρω,ΔΗΜΟΚΡΑΤΙΑΣ 10,270 54,26250-32035,,
ΡΙΟΝ ΜΠΗΤΣ,"


3 Χλμ
",2,,rionbeachhotel@gmail.com,2610-991421,2610-991269,Ρίο,ΑΚΤΗ ΠΟΣΕΙΔΩΝΟΣ 40,265 00,2610-991390,,
ΡΟΔΙΝΗ,"


9 Χλμ
",3,www.hotelrodini.gr,rodinhtl@otenet.gr,2610-931300,2610-931341,Κάτω Ροδινή,ΡΟΔΙΝΗ ΠΑΤΡΩΝ ΑΧΑΙΑΣ,265 00,2610-932077,,
ΡΟΜΑΝΤΖΟ,"


10 Χλμ
",1,,romantzozachlorou@hotmail.com,26920-22758,,Κάτω Ζαχλωρού,ΖΑΧΛΩΡΟΥ ΑΧΑΪΑΣ,250 01,26920-22758,,
ΡΟΜΠΙΝΣΟΝ ΚΛΑΜΠ ΚΥΛΛΗΝΗ ΜΠΙΤΣ,"


18 Χλμ
",4,www.robinson.com,kyllinibeach@robinson.com,26230-64001,26230-64002,Κάστρο,ΚΑΣΤΡΟ ΚΥΛΛΗΝΗΣ,270 50,26230-95411,,
ΣΗΜΑΝΤΡΟΝ,"


4 Χλμ
",4,https://semantron-hotel.gr,reception@semantron-hotel.gr,26910-44000,,Ελαιώνας,ΕΛΑΙΩΝΑΣ ΔΙΑΚΟΠΤΟΥ ΑΧΑΙΑΣ,250 03,26910-43838,6970-999030,
ΣΙΜΟΣ,"


0.1 Χλμ
",2,www.hotelsimos.com,info@hotelsimos.com,26460-81380,26460-81382,Μύτικας,,300 19,26460-81245,21-08311323,
ΣΙΤΥ ΛΟΦΤ,"


2 Χλμ
",3,www.cityloft.gr,info@cityloft.gr,2610-223552,,Πάτρα,ΒΑΛΤΑΤΣΙΟΥ 6,262 23,2610-223556,,
ΣΙΤΥ ΛΟΦΤ ΙΙ,,3,,info@cityloft.gr,2610223552,,Πάτρα,ΒΑΛΤΕΤΣΙΟΥ  4,26223,,,
ΣΜΑΡΤ,"


4 Χλμ
",3,www.airotel.gr,info@airotel.gr,26110-100900,2106400720,Πάτρα,ΑΚΤΗ ΔΥΜΑΙΩΝ 9ΚΑΙ ΕΥΜΗΛΟΥ,262 22,2611-100900,,
ΣΟΡΟΚΟΣ,"


0.1 Χλμ
",1,,,26810-88213,,Μενίδι,,300 16,,,
ΣΟΥΛΗΣ,"


10 Χλμ
",2,www.soulisgroup.com,info@soulisgroup.com,26230-96000,2623035888,Αρκούδι,ΑΡΚΟΥΔΙ ΛΥΓΙΑΣ ΗΛΕΙΑΣ,270 50,26230-96379,2623096000,
ΣΠΕΡΧΟΣ,"


10 Χλμ
",2,,sperhos@outlook.com,6934061168,26920 83348,Άνω Λουσοί,,250 01,26920-23411,6944542413,
ΣΤΗΣ ΕΛΕΝΑΣ,"


35 Χλμ
",2,margarokarafotia@yahoo.gr,margarokarafotia@yahoo.gr,26960-35083,,Ζαρούχλα,,250 06,26960-28140,,
ΣΤΟ ΧΕΙΛΟΣ ΤΟΥ ΚΟΛΠΟΥ,"


0.2 Χλμ
",3,www.cliffbay.net,reception@cliffbay.net,2643029111,2643042188,Πάλαιρος,ΠΑΛΑΙΡΟΣ ΑΙΤ/ΝΙΑΣ,300 12,26430-42114,6944-510253,2643-042114
ΣΤΡΑΤΟΣ,"


1 Χλμ
",3,www.hotelstratos.gr,info@gss.gr,26460-41911,26460-41912,Αστακός,ΑΣΤΑΚΟΣ ΑΙΤΩΛΟΑΚΑΡΝΑΝΙΑΣ,300 06,26460-41227,,
ΣΤΥΓΑ ΘΕΡΕΤΡΟ ΒΟΥΝΟΥ,"


38 Χλμ
",3,www.stygaresort.gr,stygaresort@yahoo.gr,26960-31431,6974588866,Ζαρούχλα,ΖΑΡΟΥΧΛΑ ΑΚΡΑΤΑΣ,250 06,2610-435990,,
ΣΩΖΟΣ ΙΝ,,3,www.sozosinnhotel.gr,info@sozosinnhotel.gr,26430-29009,,Βόνιτσα,2ΧΛΜ ΒΟΝΙΤΣΑΣ-ΛΕΥΚΑΔΑΣ,300 02,,,
ΤΑ ΠΕΤΡΙΝΑ ΤΗΣ ΑΝΩ ΧΩΡΑΣ,,3,www.petrina.gr,dimpapadim@hotmail.com,26340-41101,,Άνω Χώρα,,300 23,,,
ΤΑ ΣΠΙΤΑΚΙΑ ΤΗΣ ΙΦΙΓΕΝΕΙΑΣ,,3,www.ifigeneia.com,info@ifigeneia.com,26340-61500,,Πλάτανος,,300 22,,,
ΤΑ ΨΗΛΑ ΒΟΥΝΑ,,3,,,6947129785,,Λαμπίρι,,30008,,,
ΤΑΞΙΑΡΧΗΣ,"


2 Χλμ
",3,www.taxiarhis-hotel.gr,info@taxiarhis-hotel.gr,26230-41440,26230-42660,Βρανάς,,270 50,26230-41564,,
ΤΑΡΑΝΤΕΛΛΑ,"


3 Χλμ
",2,,aggelostara@gmail.com,26930-71205,26930-71760,Κάτω Αλισσός,,250 02,26930-71769,6979219898,
ΤΕΛΗΣ,"


1.5 Χλμ
",2,,ho-telis@otenet.gr,26910-28200,26910-23140,Αίγιο,ΚΟΡΙΝΘΟΥ 98,251 00,26910-61690,,
ΤΕΡΨΙΘΕΑ,,1,,terpsitheahotel@gmail.com,26343-60518,26340-53234,Τερψιθέα,ΤΕΡΨΙΘΕΑ ΝΑΥΠΑΚΤΙΑΣ,300 24,,26343-60518,
ΤΕΣΣΕΡΕΙΣ ΕΠΟΧΕΣ,"


5 Χλμ
",2,,,26220-27311,,Κουρούτα,ΚΟΥΡΟΥΤΑ ΑΜΑΛΙΑΔΟΣ,272 00,,21-09623565,
ΤΖΑΚΙ,"


1 Χλμ
",3,www.hoteltzaki.gr,htzaki@otenet.gr,2610-453960,,Πάτρα,ΠΑΡΑΛΙΑ ΠΡΟΑΣΤΕΙΟΥ,265 00,2610-453961,,
ΤΖΕΝΗ,"


7 Χλμ
",2,www.kaiafashotels.com,info@kaiafas.com,26250-32234,,Ξηροχώρι,ΞΗΡΟΧΩΡΙ,270 54,26250-32252,,
ΤΟ ΑΡΧΟΝΤΙΚΟ ΤΟΥ ΓΕΡΟ-ΦΩΤΗ,"


9 Χλμ
",4,www.gerofotis.com,dhmosp@yahoo.gr,26910-25126,6977-295847,Λάκκα,ΔΗΜΟΤΙΚΟ ΔΙΑΜΕΡΙΣΜΑ ΛΑΚΚΑ,251 00,26910-68458,2691-029905,2691-068458
ΤΟ ΞΥΛΙΝΟ ΣΑΛΕ,"


0.5 Χλμ
",2,,shalet@otenet.gr,26920-23900,6974397365,Καλάβρυτα,,250 01,,,
ΤΟΥΡΙΣΤ,"


1 Χλμ
",2,,touristagrinio@gmail.com,26410-26665,26410-33335,Αγρίνιο,ΠΑΠΑΣΤΡΑΤΟΥ 51,301 00,26410-26667,,
ΦΑΝΑΡΑΣ,"


0.6 Χλμ
",2,www.xenonas-fanaras.gr,info@xenonas-fanaras.gr,26920-23665,,Καλάβρυτα,,250 01,26920-23667,,
ΦΕΓΓΑΡΟΓΝΕΥΜΑΤΑ,"


1 Χλμ
",2,,hotelfeggarognemata@hotmail.gr,26230-41222,26230-42505,Βαρθολομιό,ΒΑΡΘΟΛΟΜΙΟ ΗΛΕΙΑΣ,270 50,26230-41443,,
ΦΙΛΟΞΕΝΙΑ,"


0.2 Χλμ
",3,www.hotelfiloxenia.gr,filoxenia@otenet.gr,26920-22422,26920-22290,Καλάβρυτα,ΚΑΛΑΒΡΥΤΑ ΑΧΑΙΑΣ,250 01,26920-23009,,
ΦΙΛΟΞΕΝΙΑ,"


0.1 Χλμ
",3,,hotelfiloxenia@hotmail.com,26430-42177,,Πάλαιρος,ΠΑΛΑΙΡΟΣ,300 12,26430-42177,6977581991,26430-42177
ΦΙΝΤΑΥ,"


0.7 Χλμ
",3,www.findayhotel.gr,info@findayhotel.gr,26920-24552,2109311453,Καλάβρυτα,ΚΑΛΑΒΡΥΤΑ ΑΧΑΪΑΣ,250 01,26920-23270,21-09311453,21-09332997
ΦΛΟΙΣΒΟΣ,"


2 Χλμ
",3,www.flisvoshotel-nafpaktos.com,flisvoshotelnafpaktos@gmail.com,26340-24811,26340-21795,Ναύπακτος,ΕΘΝ.ΑΝΤΙΣΤΑΣΕΩΣ - ΨΑΝΗ,303 00,26340-21796,,
ΦΛΩΡΙΝΤΑ,"


7 Χλμ
",4,www.floridabluebay.gr,info@floridabluebay.gr,2610-931279,,Ψαθόπυργος,ΨΑΘΟΠΥΡΓΟΣ ΠΑΤΡΩΝ,265 00,2610-931977,21-08943449,261-0931977
ΦΟΥΡΝΙΑ ΧΩΡΙΟ,,3,www.fourniavillage.gr,fournia@otenet.gr,2623095095,2623095097,Κάστρο,,270 68,26230-95096,,
ΦΤΕΡΕΣ,"


22 Χλμ
",2,,,26910-98223,,Πτέρη,,251 00,,,
ΧΕΛΙΔΟΝΙΑ,"


10 Χλμ
",3,www.helidonia.gr,helidonia@helidonia.gr,26230-96393,26230-96069,Λυγιά,ΒΑΡΘΟΛΟΜΙΟ,270 50,26230-96069,2623-096393,2623-096069
ΧΕΛΜΟΣ,"


0.3 Χλμ
",4,www.hotelhelmos.gr,info@hotelhelmos.gr,26920-29222/4,,Καλάβρυτα,ΠΛΑΤ.ΕΛΕΥΘΕΡΙΑΣ 1,250 01,26920-29225,,
ΧΡΗΣΤΟΣ-ΠΑΥΛΟΣ,"


15 Χλμ
",2,www.chrispaul-hotel.gr,info@chrispaul-hotel.gr,26910-41715,26910-41855,Διακοπτό,ΔΙΑΚΟΠΤΟ ΑΧΑΪΑΣ,250 03,26910-42128,,
ΧΡΥΣΑΜΠΕΛΑ,,2,,,26960-39000,,Αμπελόκηποι,,250 10,,,
ΧΡΥΣΕΛΕΝ,"


1 Χλμ
",2,,chrysa_dim@live.com,26910-42135,,Ελαιώνας,,271 00,,2691-041526,
