Όνομα,Απόσταση από νοσοκομείο,Αστέρια,Ιστοσελίδα,E-Mail,Τηλέφωνο,Αριθμός Φαξ,Πόλη,Διεύθυνση,Ταχυδρομικός Κώδικας,Εναλλακτικό Τηλέφωνο,Εναλλακτικό Φαξ,Τηλέφωνο 2
ΑΓΑΜΕΜΝΩΝ,"


0.5 Χλμ
",4,www.agamemnon.gr,agamemnon_hotel@yahoo.gr,24230-54557,24230-55867,Αργαλαστή,ΑΡΓΑΛΑΣΤΗ ΜΑΓΝΗΣΙΑΣ,370 06,,,
ΑΓΓΕΛΗΣ,"


0.5 Χλμ
",1,www.agelishotel.gr,info@agelishotel.gr,24230-22246,24230-22778,Καλά Νερά,ΚΑΛΑ ΝΕΡΑ ΜΑΓΝΗΣΙΑΣ,370 10,2423-022246,2423-022778,
ΑΓΓΕΛΙΚΗ,"


1 Χλμ
",1,www.angelikihotel.gr,angelikihotel@otenet.gr,24270-21625,24270-21625,Σκιάθος,ΜΕΓΑΛΗ ΑΜΜΟΣ-ΦΤΕΛΙΑ,370 02,2427-022735,2427-021625,24270-22354
ΑΓΓΕΛΙΚΗ,"


0.1 Χλμ
",2,,hotel_aggeliki@yahoo.gr,24240-22290,24240-22442,Σκόπελος,ΓΕΦΥΡΑΚΙ,370 03,21-08040665,21-08040665,210-8040665
ΑΓΙΑ ΚΥΡΙΑΚΗ,"


40 Χλμ
",4,www.agiakyriaki.gr,info@agiakyriaki.gr,6978771831,,Αγία Κυριακή,ΑΓΙΑ ΚΥΡΙΑΚΗ-ΤΡΙΚΕΡΙ ΜΑΓΝΗΣΙΑΣ,370 09,2423091112,,2423091112
ΑΓΛΑΙΑ,"


0.5 Χλμ
",1,,dimitrapapagia@yahoo.gr,24230-22103,24230-22103,Καλά Νερά,ΚΑΛΑ ΝΕΡΑ ΒΟΛΟΥ,370 10,21-07666451,2423-022103,6977-173464
ΑΓΛΑΪΔΑ,"


3 Χλμ
",3,www.aglaida-apartments.gr,info@aglaida-apartments.gr,24260-49097,24260-49098,Τσαγκαράδα,ΑΓΙΑ ΚΥΡΙΑΚΗ,370 12,,,
ΑΓΝΑΝΤΙ,"


25 Χλμ
",2,www.agnanti-pelion.com,info@agnanti-pelion.com,24230-33390,24230-33622,Άφυσσος,ΑΦΗΣΣΟΣ ΠΗΛΙΟΥ,370 10,21-09588603,21-09523743,24230-33467
ΑΓΝΑΝΤΙ,"


6 Χλμ
",2,www.toagnadi.gr,toagnadi@gmail.com,24940-31015,,Σωτηρίτσα,ΑΝΩ ΣΩΤΗΡΙΤΣΑ ΑΓΙΑΣ ΛΑΡΙΣΑΣ,400 03,241-0231551,,
ΑΓΝΑΝΤΙ,"


12 Χλμ
",3,www.agnanti.gr,info@agnanti.gr,24240-66262,24240-65725,Καλαμάκια,ΚΑΛΑΜΑΚΙΑ ΑΛΟΝΝΗΣΟΥ,370 05,2424-065069,2424-065069,24240-66263
ΑΓΝΑΝΤΙ,"


30 Χλμ
",1,,info@kazarma.gr,2441093190,24410-93150,Νεοχώρι,ΝΕΟΧΩΡΙ ΚΑΡΔΙΤΣΑΣ,430 67,,,
ΑΓΝΑΝΤΙ-ΧΟΡΕΥΤΟ,"


7 Χλμ
",3,www.agnadi-horefto.gr,agnadi@agnadi-horefto.gr,24260-23114,24260-23344,Χορευτό,ΧΟΡΕΥΤΟ,370 01,,,24260-23158
ΑΓΡΑΦΑ,"


0.2 Χλμ
",2,www.loutra-smokovou.gr,info@loutra-smokovou.gr,24430-61282,24430-61178,Ρεντίνα,ΡΕΝΤΙΝΑ,430 68,2443-061210,2443-061178,24430-61210
ΑΓΡΟΚΤΗΜΑ ΚΑΡΑΪΣΚΟΥ,,2,www.karaiskosfarm.gr,info@karaiskosfarm.gr,2428090006,,Πορταριά,,37011,,,
ΑΔΑΜ,"


3 Χλμ
",2,,adamspelion@gmail.com,2428099527,,Μακρινίτσα,,370 11,,,
ΑΔΜΗΤΟΣ,"


0.5 Χλμ
",2,www.admitos.gr,hotel.admitos@gmail.com,24210-21117,24210-26924,Βόλος,ΑΘΑΝΑΣΙΟΥ ΔΙΑΚΟΥ 5,383 33,,,24210-21118
ΑΕΛΙΑ,"


12 Χλμ
",1,,aeliastudios.skiathos@gmail.com,24270-49449,,Σκιάθος,ΣΚΙΑΘΟΣ,370 02,,,
ΑΕΤΩΝ ΜΕΛΑΘΡΟΝ,"


1 Χλμ
",4,www.aetonmelathron.gr,info@aetonmelathron.gr,24310-63130,24310-63135,Τρίκαλα,ΝΕΑΡΧΟΥ ΚΑΙΚΛΕΙΔΩΝΟΠΟΥΛΟΥ,421 00,,,24310-63134
ΑΗ ΓΙΩΡΓΗΣ,"


38 Χλμ
",3,www.stgeorgechrisomilia.gr,info@stgeorgechrisomilia.gr,24323-00400,24315-00045,Χρυσομηλιά,ΧΡΥΣΟΜΗΛΙΑ ΚΑΛΑΜΠΑΚΑΣ,422 00,,,6973735121
ΑΙΓΕΥΣ,"


8 Χλμ
",1,www.aegeushotel.gr,aegeushotel@yahoo.com,24260-22778,24260-22784,Χορευτό,ΧΟΡΕΥΤΟ ΠΗΛΙΟΥ,370 01,,,
ΑΙΓΛΗ,"


1 Χλμ
",3,www.aegli.gr,info@aegli.gr,24210-25691,24210-33006,Βόλος,ΑΡΓΟΝΑΥΤΩΝ 2,383 33,,,24471
ΑΙΘΡΙΟ,"


7 Χλμ
",4,www.atriumhotel.gr,info@atriumhotel.gr,6974300519,24270-49444,Σκιάθος,ΠΛΑΤΑΝΙΑΣ ΣΚΙΑΘΟΥ,370 02,6974-300519,2427-049444,24270-49345
ΑΙΘΡΙΟ ΑΛΟΝΝΗΣΟΥ,"


0.3 Χλμ
",3,www.atriumalonnissos.gr,info@atriumalonnissos.gr,24240-65749,24240-65152,Πατητήρι,ΑΛΟΝΝΗΣΟΣ,370 05,,,24240-65750
ΑΙΝΑΡΕΤΗ,"


15 Χλμ
",2,www.ainareti.gr,info@ainareti.gr,24230-23135,24230-22256,Καλά Νερά,ΚΑΛΑ ΝΕΡΑ ΜΑΓΝΗΣΙΑΣ,370 10,,,
ΑΙΟΛΙΔΕΣ,,3,,aiolides@yahoo.gr,2441092800,,Καλύβια,,43150,,,
ΑΙΟΛΙΚΟΣ ΑΣΤΗΡ,"


0.3 Χλμ
",2,,aeolic.star@gmail.com,24320-22325,24320-23455,Καλαμπάκα,ΛΙΑΚΑΤΑ 1,422 00,,,
ΑΙΟΛΟΣ,"


7 Χλμ
",3,www.aeolos.com.gr,info@aeolos.com.gr,24260-22910,24260-23390,Χορευτό,ΧΟΡΕΥΤΟ ΠΗΛΙΟΥ,370 01,24210-22240,24210-22240,
ΑΙΟΛΟΣ,"


0.5 Χλμ
",4,www.aeolosskopelos.com,contact@aeolosskopelos.com,24240-22233,24240-23234,Σκόπελος,,370 03,,,24240-23233
ΑΚΡΟΓΙΑΛΙ,"


0.4 Χλμ
",2,www.akrogiali.com,,24230-23146,,Καλά Νερά,ΚΑΛΑ ΝΕΡΑ ΜΑΓΝΗΣΙΑΣ,370 10,,,24230-23059
ΑΚΡΟΠΟΛ,"


0.5 Χλμ
",2,,hotelacropol@hotmail.gr,2410-536315,2410-537088,Λάρισα,ΕΛ.ΒΕΝΙΖΕΛΟΥ 142,412 22,2410536315,2410537088,2410-536319
ΑΚΡΩΤΗΡΙ ΚΑΝΑΠΙΤΣΑ,"


6 Χλμ
",2,www.kanapitsa.com,cape@kanapitsa.com,24270-21750,24270-22170,Σκιάθος,ΚΑΝΑΠΙΤΣΑ ΣΚΙΑΘΟΥ,370 02,21-06777286,21-06777286,
ΑΚΤΑΙΟΝ,"


6 Χλμ
",3,www.aktaionhotel.gr,info@aktaionhotel.com,24230-55710,24230-55720,Αργαλαστή,ΑΡΓΑΛΑΣΤΗ ΜΑΓΝΗΣΙΑΣ,370 06,2421-045639,2421-045639,
ΑΚΤΗ,"


0.5 Χλμ
",2,www.heliotropio.gr,info@heliotropio.gr,24270-22024,24270-21952,Σκιάθος,Φ ΓΕΩΡΓΙΑΔΗ 26,370 02,21-06521989,,24270-21463
ΑΚΤΗ ΑΛΟΝΝΗΣΟΣ,"


5 Χλμ
",4,www.alonissosbeach.com,alonissosbeach@yahoo.gr,2424065281,,Πατητήρι,ΑΛΟΝΝΗΣΟΣ,370 05,6936493634,,2424065115
ΑΚΤΗ ΒΡΩΜΟΛΙΜΝΟΥ,"


7.5 Χλμ
",2,www.skiathos-holidays.com,info@skiathos-holidays.com,24270-21596,,Σκιάθος,,370 02,2427-022018,2427-022771,
ΑΚΤΗ ΜΙΚΡΟ,"


7 Χλμ
",2,www.mikrobeachhotel.com,info@mikrobeachhotel.com,24230-71212,24230-71414,Μικρό,,370 06,2421-072275,2421-072275,
ΑΛΑΤΙΝΟΥ,"


15 Χλμ
",4,www.alatinos.gr,booking@alatinos.gr,24230-86895/6,24230-868995,Πινακάτες,ΠΙΝΑΚΑΤΕΣ ΜΗΛΕΩΝ ΜΑΓΝΗΣΙΑΣ,370 10,,,22937
ΑΛΕΞΑΝΔΡΟΣ,"


1 Χλμ
",3,www.hotelalexandrosvolos.gr,info@hotelalexandrosvolos.gr,2421031221,24210-31224,Βόλος,ΤΟΠΑΛΗ 3-ΙΑΣΩΝΟΣ,382 21,2421031221,2421031224,2421031222
ΑΛΕΞΑΝΔΡΟΣ,"


6 Χλμ
",2,,men_pisioti@windowslive.com,24230-33385,24230-33385,Άφυσσος,ΠΗΓΗΣ 7,370 10,2421-052003,,24230-33386
ΑΛΕΞΙΟΥ,"


1 Χλμ
",3,www.hotelalexiou.com,info@hotelalexiou.com,24320-77126,24320-77128,Καλαμπάκα,ΤΡΙΚΑΛΩΝ 144 Β,422 00,,,24320-77127
ΑΛΘΕΑ,,4,,hello@alfacollection.gr,24240-66255,,Πατητήρι,ΠΑΛΑΙΟ ΧΩΡΙΟ ΑΛΟΝΝΗΣΟΥ,370 05,,,
ΑΛΚΗΣΤΙΣ,"


12 Χλμ
",2,www.alkistishotel.gr,info@alkistishotel.gr,24280-99175,24280-99630,Πορταριά,ΠΟΡΤΑΡΙΑ ΠΗΛΙΟΥ,370 11,,,24280-99529
ΑΛΚΗΣΤΙΣ,"


1 Χλμ
",4,,alkhotel@otenet.gr,6944752941,24240-22116,Σκόπελος,2 ΧΛΜ.ΟΔ.ΣΚΟΠΕΛΟΥ-ΓΛΩΣΣΑΣ,370 03,21-08843922,21-08843922,210-8843922
ΑΛΚΙΦΡΩΝ,"


18 Χλμ
",2,www.alkifonhotel.gr,alkifronhotel@gmail.com,24230-23255,,Καλά Νερά,ΚΑΛΑ ΝΕΡΑ ΜΑΓΝΗΣΙΑΣ,370 10,,,6970464561
ΑΛΚΥΩΝ,"


0.8 Χλμ
",2,,,24230-22364,,Καλά Νερά,ΣΑΡΑΦΟΠΟΥΛΟΥ 160,370 10,6977780019,,
ΑΛΚΥΩΝ,"


1 Χλμ
",3,www.alkyon-skiathos.gr,alkyon@otenet.gr,24270-22981,24270-21643,Σκιάθος,ΣΚΙΑΘΟΣ (ΑΜΜΟΥΔΙΑ),370 02,2427022981,2427-021643,24270-22982
ΑΛΚΥΩΝ,"


0.2 Χλμ
",2,,infoalkyon@gmail.com,24240-65220,24240-65195,Πατητήρι,ΠΑΤΗΤΗΡΙ,370 05,,,24240-65505
ΑΛΟΣ,"


1 Χλμ
",2,,hotelaalos@gmail.com,6972382554,24220-29080,Αλμυρός,Β.ΠΑΥΛΟΥ 44,371 00,,,24210-42615
ΑΛΧΗΜΙΣΤΗΣ,"


0.05 Χλμ
",4,www.archontikoathanasaki.gr,arhontikoathanasaki@hotmail.com,24280-99235,24280-99228,Πορταριά,ΠΟΡΤΑΡΙΑ ΠΗΛΙΟΥ,370 11,,,6977991235
ΑΜΑΛΙΑ,"


20 Χλμ
",1,,fani.kostoula@hotmail.com,24220-91264,24220-91264,Αμαλιάπολη,ΑΜΑΛΙΑΠΟΛΗ ΜΑΓΝΗΣΙΑΣ,370 08,,,
ΑΜΑΛΙΑ,"


0.5 Χλμ
",3,www.hotel-amalia.gr,amaliaskopelos@gmail.com,2424-022688,2424022155,Σκόπελος,ΣΚΟΠΕΛΟΣ,370 03,6944797937,,2424-022155
ΑΜΑΛΙΑ,"


5 Χλμ
",4,https://amaliahotelkalambaka.gr/,amalia@amaliahotels.com,24320-72216/7,24320-72457,Καλαμπάκα,ΚΑΛΑΜΠΑΚΑ ΘΕΣΣΑΛΙΑΣ,422 00,,,
ΑΜΑΛΙΑ 2,"


0.5 Χλμ
",1,www.skopelosweb.gr/amalia,amaliag@otenet.gr,2424-022688,2424-023217,Σκόπελος,ΣΚΟΠΕΛΟΣ,370 03,,,2424-022033
ΑΜΑΝΙΤΑ,"


25 Χλμ
",4,www.amanita.gr,info@amanita.gr,24260-49707,210-8991484,Τσαγκαράδα,ΤΣΑΓΚΑΡΑΔΑ,370 12,,,
ΑΜΠΑΣΑΝΤΕΡ,,1,,ntanasg@hotmail.com,2410-250713,2410-250713,Λάρισα,ΠΑΠΑΚΥΡΙΑΖΗ 65,412 22,,,2410-250028
ΑΝΑΜΑΡ ΠΗΛΙΟ ΡΙΖΟΡΤ,"


12 Χλμ
",4,www.anamarpelion.gr,info@anamarpelion.gr,2428096600,2428096604,Χάνια,ΧΑΝΙΑ ΠΗΛΙΟΥ,370 11,2155154545,2155305527,2428089004
ΑΝΑΝΤΙ ΣΙΤΥ ΡΗΖΟΡΤ,,5,www.ananticityresort.com,info@anantiresort.gr,24310-63950,24310-63955,Λογγάκι,ΝΤΑΜΑΡΙΑ ΛΟΓΓΑΚΙΟΥ,421 75,,,
ΑΝΑΣΤΑΣΙΑ,"


3 Χλμ
",1,www.anastasiahotel.net,hotanast@gmail.com,2421064988,24210-85096,Νέα Ιωνία,ΜΑΚΕΔΟΝΙΑΣ 40,384 46,2421064988,2421085096,24210-85089
ΑΝΑΤΟΛΗ,"


30 Χλμ
",3,www.hotel-anatoli.com,info@hotel-anatoli.com,24410-93190,24410-93150,Νεοχώρι,ΝΕΟΧΩΡΙ ΚΑΡΔΙΤΣΑΣ,430 67,,,24410-93063
ΑΝΑΤΟΛΗ,"


0.5 Χλμ
",2,www.sunriseskopelos.com,contact@sunriseskopelos.com,24240-23002,24240-23004,Σκόπελος,,370 03,24240-23002,,24240-23003
ΑΝΔΡΟΜΕΔΑ,,3,,,24410-92699,,Κρυονέρι,,430 67,,,
ΑΝΕΛΛΗ,"


0.15 Χλμ
",2,www.hotelanelli.gr,akriv300baz13@gmail.com,24240-22124,24240-29115,Σκόπελος,ΣΚΟΠΕΛΟΣ,370 03,24240-22124,24240-29115,24240-22019
ΑΝΕΜΩΝΗ,"


0.5 Χλμ
",2,,anemoni1@otenet.gr,24270-22860,24270-23383,Σκιάθος,ΦΤΕΛΙΑ ΣΚΙΑΘΟΥ,370 02,24270-22860,,
ΑΝΕΣΙΣ,"


6 Χλμ
",2,www.hotelanesis.gr,anesis@otenet.gr,2426-031223,2426-031292,Άγιος Ιωάννης Μουρεσίου,ΑΓΙΟΣ ΙΩΑΝΝΗΣ ΠΗΛΙΟΥ,370 12,,,2426-031123
ΑΝΤΙΓΟΝΗ,"


0.05 Χλμ
",2,www.antigoni-hotel.gr,antigoni@antigoni-hotel.gr,24410-93304,24410-93305,Νεοχώρι,ΝΕΟΧΩΡΙ ΚΑΡΔΙΤΣΑΣ,430 66,2441093304,2441093305,24410-93318
ΑΝΤΙΣ ΟΝΕΙΡΟΥ,"


20 Χλμ
",4,,adisonirou@gmail.com,24260-49948,24260-49948,Μουρέσι,ΜΟΥΡΕΣΙ Ν. ΜΑΓΝΗΣΙΑΣ,370 12,,,69720-53960
ΑΝΤΡΙΝΑ ΜΠΗΤΣ,"


10 Χλμ
",5,www.adrina.gr,info@adrina.gr,2424023373,24240-23372,Πάνορμος,ΠΑΝΟΡΜΟΣ ΣΚΟΠΕΛΟΥ,370 03,,,2103006000
ΑΝΤΡΙΝΑ ΡΗΖΟΡΤ,"


10 Χλμ
",5,www.adrina.gr,info@adrina.gr,24240-23371,24240-23372,Πάνορμος,ΠΑΝΟΡΜΟΣ ΣΚΟΠΕΛΟΥ,370 03,,,24240-24250
ΑΝΤΩΝΙΑΔΗΣ,"


1 Χλμ
",4,www.hotelantoniadis.gr,info@hotelantoniadis.gr,24320-24387,24320-24319,Καλαμπάκα,ΤΡΙΚΑΛΩΝ 144,422 00,,,23419
ΑΝΤΩΝΙΟΣ,"


1 Χλμ
",4,www.hotelantoniadis.gr,info@hotelantoniadis.gr,24320-24387,24320-24319,Καλαμπάκα,ΤΡΙΚΑΛΩΝ 148,422 00,,,
ΑΝΩΒΟΛΙΟΣ,"


20 Χλμ
",5,www.anovolios.gr,info@anovolios.gr,24280-86898,24280-94270,Άγιος Γεώργιος Νηλείας,ΑΓ.ΓΕΩΡΓΙΟΣ ΝΗΛΕΙΑΣ ΜΑΓΝΗΣΙΑΣ,385 00,,,86893
ΑΠΕΡΡΙΤΟΝ,"


0.5 Χλμ
",3,ΟΧΙ,aperitton@otenet.gr,24240-22256,24240-22976,Σκόπελος,ΑΓ.ΝΙΚΟΛΑΟΣ,370 03,2108074192,2108074192,2424022976
ΑΠΟΛΑΥΣΗ,"


5 Χλμ
",2,,hotelapolafsi@hotmail.gr,2421088915,2421088279,Βόλος,ΝΕΕΣ ΠΑΓΑΣΕΣ ΜΑΓΝΗΣΙΑΣ,385 00,2421088298,2421088279,
ΑΡΓΥΡΙ,,2,,,24450-31497,,Αργύρι,,430 66,,,
ΑΡΓΩ,"


2 Χλμ
",1,www.hotelargovolos.gr,hotel_argo@hotmail.com,24210-25372,,Βόλος,ΔΗΜΗΤΡΙΑΔΟΣ 165,382 21,,,24210-37680
ΑΡΓΩ,"


18 Χλμ
",1,www.argo-kalanera.gr,info@argo-kalanera.gr,24230-22271,24230-22271,Καλά Νερά,ΚΑΛΑ ΝΕΡΑ ΒΟΛΟΥ,370 10,2421-041687,2421-041687,
ΑΡΕΤΟΥΣΑ,"


0.4 Χλμ
",3,,aretousahotel@gmail.com,2427024333,24270-24365,Σκιάθος,ΣΚΙΑΘΟΣ,370 02,,2427-024365,
ΑΡΗΣ,,1,,,2410-221294,,Λάρισα,ΚΥΠΡΟΥ 15,412 23,,,2410-289555
ΑΡΙΑ,,3,,aria@e-dolphins.gr,2427029912,,Σκιάθος,,37002,,,
ΑΡΙΑΔΝΗ,,2,www.skopelos.net/ariadne,xrkefaloniti@yahoo.gr,24240-22772,24240-22247,Στάφυλος,,370 03,2424-022227,,24240-22630
ΑΡΚΟ,"


7 Χλμ
",3,www.hotelarco.gr,mosialos@hotelarco.gr,24270-49377,24270-49415,Σκιάθος,ΑΓ.ΠΑΡΑΣΚΕΥΗ ΣΚΙΑΘΟΥ,370 02,241-0233518,241-0233518,24270-49387
ΑΡΜΟΝΙΑ,"


6 Χλμ
",1,,armoniapelion@gmail.com,24260-31242,,Άγιος Ιωάννης Μουρεσίου,,370 12,2426-031242,,24260-31094
ΑΡΝΗ,"


1 Χλμ
",4,www.domotel.gr,arni@domotel.gr,24410-22161,24410-73080,Καρδίτσα,ΚΑΡΑΙΣΚΑΚΗ 4,431 00,,,24410-22481
ΑΡΝΙΚΑ ΜΟΝΤΑΝΑ,,4,,vasso_kondara@yahoo.gr,2426049825,,Τσαγκαράδα,,37012,,,2421033103
ΑΡΧΟΝΤΙΚΟ,"


1 Χλμ
",4,,,24240-22049,,Σκόπελος,ΣΚΟΠΕΛΟΣ,370 03,2424-022049,,022765
ΑΡΧΟΝΤΙΚΟ,"


20 Χλμ
",2,,dimkomninos@yahoo.com,24230-71292,,Πλατανιάς,ΠΛΑΤΑΝΙΑ ΜΑΓΝΗΣΙΑΣ,370 06,,,24230-27489
ΑΡΧΟΝΤΙΚΟ 1716,"


0.15 Χλμ
",4,www.1716.gr,arxontiko1716@yahoo.gr,24280-96002,24280-96002,Άγιος Λαυρέντιος,ΑΓΙΟΣ ΛΑΥΡΕΝΤΙΟΣ ΜΑΓΝΗΣΙΑΣ,385 00,,,96234
ΑΡΧΟΝΤΙΚΟ ΑΡΓΥΡΩ,"


6 Χλμ
",4,www.archontiko-argyro.gr,info@archontiko-argyro.gr,24280-99353,,Μακρινίτσα,ΜΑΚΡΥΝΙΤΣΑ ΠΗΛΙΟΥ,370 11,,,24280-99507
ΑΡΧΟΝΤΙΚΟ ΒΟΓΙΑΤΖΟΠΟΥΛΟΥ,"


25 Χλμ
",4,www.pelion-vogiatzopoulou.com,pelionvogiatzopoulou@gmail.com,24280-93135,24280-93796,Άγιος Γεώργιος Νηλείας,ΑΓ.ΓΕΩΡΓΙΟΣ ΝΗΛΕΙΑΣ ΜΑΓΝΗΣΙΑΣ,37300,,,
ΑΡΧΟΝΤΙΚΟ ΓΚΑΓΙΑΝΝΗ,"


0.2 Χλμ
",4,www.villagayannis.gr,gayannis@otenet.gr,24260-23391,24260-22091,Ζαγορά,ΖΑΓΟΡΑ ΜΑΓΝΗΣΙΑΣ,370 01,2426-023391,2426-022091,
ΑΡΧΟΝΤΙΚΟ ΔΗΜΟΥ,"


0.5 Χλμ
",4,,dmacropolis@gmail.com,2317002500,,Βυζίτσα,ΒΥΖΙΤΣΑ ΠΗΛΙΟΥ,370 10,,,24210-21222
ΑΡΧΟΝΤΙΚΟ ΔΙΒΑΝΗ,"


15 Χλμ
",3,www.divani.gr,pertouli@grecian.gr,24340-91252,24340-91253,Περτούλι,ΠΕΡΤΟΥΛΙ ΤΡΙΚΑΛΩΝ,420 32,,,24340-91111
ΑΡΧΟΝΤΙΚΟ ΔΡΑΚΟΠΟΥΛΟΥ,"


0.5 Χλμ
",5,www.arxodiko.gr,acnzagora@yahoo.gr,24260-23566,24260-23566,Ζαγορά,ΖΑΓΟΡΑ ΠΗΛΙΟΥ,370 01,,,023460
ΑΡΧΟΝΤΙΚΟ ΕΛΝΤΑ,"


12 Χλμ
",2,www.elda.gr,eldahotelpelion@gmail.com,24260-31422,2426031649,Άγιος Δημήτριος,ΑΓΙΟΣ ΔΗΜΗΤΡΙΟΣ ΠΗΛΙΟΥ,370 12,2426031422,,2426031025
ΑΡΧΟΝΤΙΚΟ ΕΥΗΛΙΟΝ,"


5 Χλμ
",4,http://evilion1856.gr,info@evilion1856.gr,24280-99777,24280-99782,Μακρινίτσα,,370 11,,,6936-497041
ΑΡΧΟΝΤΙΚΟ ΙΑΤΡΙΔΗ,"


5 Χλμ
",3,www.arxontikoiatridi.gr,arxontikoiatridi@gmail.com,2426049477,2426049972,Μουρέσι,,370 12,,,
ΑΡΧΟΝΤΙΚΟ Κ. ΣΤΑΘΟΠΟΥΛΟΥ,"


15 Χλμ
",4,www.archontikostathopoulou.gr,info@ardh.gr,24280-94071,2103640324,Άγιος Γεώργιος Νηλείας,ΑΓΙΟΣ ΓΕΩΡΓΙΟΣ ΠΗΛΙΟΥ,385 00,,,2103640323
ΑΡΧΟΝΤΙΚΟ ΚΑΝΤΑΡΤΖΗ,"


13 Χλμ
",4,,,24280-99388,,Πορταριά,ΠΟΡΤΑΡΙΑ ΠΗΛΙΟΥ,370 11,,,099444
ΑΡΧΟΝΤΙΚΟ ΚΑΡΑΓΙΑΝΝΟΠΟΥΛΟΥ,"


2 Χλμ
",4,www.karagiannopoulou.com,info@karagiannopoulou.com,24230-86717,24230-86878,Βυζίτσα,ΒΥΖΙΤΣΑ ΠΗΛΙΟΥ,370 10,,,
ΑΡΧΟΝΤΙΚΟ ΚΑΡΑΜΑΡΛΗ,"


7 Χλμ
",3,www.archontikakaramarlis.gr,info@archontikakaramarlis.gr,24280-99570,24280-99779,Μακρινίτσα,ΜΑΚΡΥΝΙΤΣΑ ΠΗΛΙΟΥ,370 11,2421-021179,2421-021209,
ΑΡΧΟΝΤΙΚΟ ΚΙΡΜΗΛΗ,,4,www.kirmilipelion.eu,,6948603235,,Μακρινίτσα,ΜΑΚΡΙΝΙΤΣΑ,370 11,,,
ΑΡΧΟΝΤΙΚΟ ΚΛΕΙΤΣΑ,"


0.02 Χλμ
",2,,info@archontikoklitsa.com,24280-99418,24280-90173,Πορταριά,,370 11,2428-020143,2421-033343,
ΑΡΧΟΝΤΙΚΟ ΚΟΙΛΙΑ,,3,www.archontikokoilia.gr,info@archontikokoilia.gr,24280-99001,24280-90031,Μακρινίτσα,ΜΑΚΡΙΝΙΤΣΑ ΜΑΓΝΗΣΙΑΣ,370 11,6984630252,,
ΑΡΧΟΝΤΙΚΟ ΚΟΝΤΟΥ,"


2 Χλμ
",4,www.archontikokontou.gr,vikontos@otenet.gr,24230-86793,210-8065341,Βυζίτσα,ΒΥΖΙΤΣΑ ΠΗΛΙΟΥ,370 10,21-08028907,21-08065341,210-8028907
ΑΡΧΟΝΤΙΚΟ ΛΟΥΚΑ,"


26 Χλμ
",2,,ernestoloukas@gmail.com,24340-91465,24340-91518,Περτούλι,,420 32,2431-031191,,6977-372658
ΑΡΧΟΝΤΙΚΟ ΜΑΡΓΑΡΙΤΗ,,5,,,24280-90200,,Μακρινίτσα,ΜΑΚΡΥΝΙΤΣΑ ΠΗΛΙΟΥ,370 11,,,
ΑΡΧΟΝΤΙΚΟ ΜΑΡΓΑΡΙΤΗ 2,,5,,,24280-90200,,Μακρινίτσα,ΜΑΚΡΥΝΙΤΣΑ ΜΑΓΝΗΣΙΑΣ,370 11,,,
ΑΡΧΟΝΤΙΚΟ ΜΙΧΟΠΟΥΛΟΥ,"


15 Χλμ
",5,www.archontikomichopoulou.gr,,24230-86860/1,,Βυζίτσα,ΒΥΖΙΤΣΑ ΠΗΛΙΟΥ,370 10,,,
ΑΡΧΟΝΤΙΚΟ ΜΟΥΝΤΖΟΥΡΙΔΗ,,4,www.mountzouridis.gr,info@mountzouridis.gr,24230-54549,24230-54549,Αργαλαστή,ΚΥΠΡΟΥ,370 06,,,6934782015
ΑΡΧΟΝΤΙΚΟ ΜΠΛΑΝΑ,"


2 Χλμ
",4,http://truepelion.com,villia.blana@gmail.com,24230-86840,,Βυζίτσα,ΒΥΖΙΤΣΑ ΠΗΛΙΟΥ,370 10,,,
ΑΡΧΟΝΤΙΚΟ ΝΑΟΥΜΙΔΗ,"


0.1 Χλμ
",4,www.naoumidishotel.gr,info@naoumidishotel.gr,24280-99470,24280-90014,Πορταριά,ΠΟΡΤΑΡΙΑ ΜΑΓΝΗΣΙΑΣ,370 11,,,
ΑΡΧΟΝΤΙΚΟ ΟΛΒΙΑ,"


8 Χλμ
",4,www.arhontiko-olvia.gr,arhontiko.olvia@gmail.com,+302428099611,,Μακρινίτσα,ΜΑΚΡΥΝΙΤΣΑ ΜΑΓΝΗΣΙΑΣ,370 11,2421023897,,
ΑΡΧΟΝΤΙΚΟ ΠΑΠΟΥΤΣΗ,,4,,appapoutsis@gmail.com,2426049995,,Μουρέσι,ΜΟΥΡΕΣΙ ΜΑΓΝΗΣΙΑΣ,370 12,6956152856,,2426049414
ΑΡΧΟΝΤΙΚΟ ΠΑΡΙΣΗ,"


10 Χλμ
",4,www.archontico-parisis.com,ar-paris@otenet.gr,24230-65856,24230-65856,Λαύκος,ΛΑΥΚΟΣ ΠΗΛΙΟΥ,370 06,2421-070173,,
ΑΡΧΟΝΤΙΚΟ ΠΡΕΠΑΛΑ,"


10 Χλμ
",3,,arhodiko-prepala@hotmail.com,24230-55758,24210-25702,Νεοχώρι,ΝΕΟΧΩΡΙ ΜΑΓΝΗΣΙΑΣ,370 06,,,
ΑΡΧΟΝΤΙΚΟ ΡΕΠΑΝΑ,"


3 Χλμ
",4,,repanaki@gmail.com,24280-99067,24280-99548,Μακρινίτσα,ΜΑΚΡΥΝΙΤΣΑ ΠΗΛΙΟΥ,370 11,,,
ΑΡΧΟΝΤΙΚΟ ΣΑΚΑΛΗ,"


23 Χλμ
",5,www.sakalihotel.gr,info@sakalihotel.gr,24230-86560,210-4615765,Πινακάτες,ΠΙΝΑΚΑΤΕΣ ΒΟΛΟΥ,370 10,6932-429150,21-04615765,210-9657584
ΑΡΧΟΝΤΙΚΟ ΣΑΛΤΗ,"


6 Χλμ
",3,www.arhontikasalti.com,info@arhontikasalti.com,24280-99873,24280-99873,Μακρινίτσα,,370 11,,,
ΑΡΧΟΝΤΙΚΟ ΣΑΝΤΙΚΟΣ,"


1.5 Χλμ
",4,www.santikosmansion.com,nikos.santikos@santikoscollection.com,2424065212,24230-86045,Βυζίτσα,ΒΥΖΙΤΣΑ ΠΗΛΙΟΥ,370 10,,,
ΑΡΧΟΝΤΙΚΟ ΣΑΡΑΤΣΗ,,3,,info@saratsi.gr,2421023748,2421023747,Ανακασιά,,38500,2421023748,2421023747,
ΑΡΧΟΝΤΙΚΟ ΣΙΣΙΛΙΑΝΟΥ,"


0.01 Χλμ
",5,www.arhontiko-sisilianou.gr,sisilianou@gmail.com,24280-99556,24280-99958,Μακρινίτσα,ΜΑΚΡΥΝΙΤΣΑ ΠΗΛΙΟΥ,370 11,,,
ΑΡΧΟΝΤΙΚΟ ΣΤΑΜΟΥ,"


0.03 Χλμ
",4,www.stamouhotel.com,stamouhotel@gmail.com,24260-23880,24260-23881,Ζαγορά,ΖΑΓΟΡΑ ΜΑΓΝΗΣΙΑΣ,370 01,,,
ΑΡΧΟΝΤΙΚΟ ΤΑΦΥΛΛΗ 1891,,4,,,24210-49844,,Ιωλκός,ΑΓΙΑ ΤΡΙΑΔΑ ΙΩΛΚΟΥ ΒΟΛΟΥ,385 00,,,
ΑΡΧΟΝΤΙΚΟ ΤΕΡΠΟΥ,"


15 Χλμ
",4,,fidodido2233@gmail.com,2428093000,,Άγιος Βλάσιος,ΑΓΙΟΣ ΒΛΑΣΙΟΣ ΜΑΓΝΗΣΙΑΣ,385 00,,,
ΑΡΧΟΝΤΙΚΟ ΤΗΣ ΜΕΛΛΙΩΣ,,4,www.archontikomellio.com,zopas.alex@gmail.com,24280-96292,24280-96292,Άγιος Λαυρέντιος,ΑΓΙΟΣ ΛΑΥΡΕΝΤΙΟΣ ΜΑΓΝΗΣΙΑΣ,383 00,,,
ΑΡΧΟΝΤΙΚΟ ΤΣΑΚΝΑΚΗ-ΜΑΝΩΛΙΑ,"


12 Χλμ
",4,www.archontiko-tsaknaki.gr,archontikotsaknaki@gmail.com,24280-93517,24280-93517,Άνω Λεχώνια,ΑΡΤΕΜΙΔΑ ΜΑΓΝΗΣΙΑΣ,373 00,,,6974232583
ΑΡΧΟΝΤΙΚΟ ΤΣΙΜΠΩΝΗ,"


0.5 Χλμ
",2,www.arhontiko-tsimponi.gr,arhontikotsimponi@gmail.com,24340-71300,24340-71300,Ελάτη,ΕΛΑΤΗ ΤΡΙΚΑΛΩΝ,420 32,,,24340-71422
ΑΡΧΟΝΤΙΚΟ ΤΣΟΠΕΛΑ,,4,,,24270-23773,,Σκιάθος,ΦΙΛΟΚΛΕΟΥΣ ΓΕΩΡΓΙΑΔΟΥ,370 02,6982850201,,
ΑΡΧΟΝΤΙΚΟ ΦΙΛΙΠΠΙΔΗ,"


0.1 Χλμ
",4,,foitoulas@gmail.com,24230-22937,,Μηλιές,ΜΗΛΙΕΣ ΠΗΛΙΟΥ,370 10,,,24230-86204
ΑΡΧΟΝΤΙΚΟ ΧΑΤΖΗΓΑΚΗ,"


15 Χλμ
",5,www.chatzigaki.gr,info@chatzigaki.gr,6982299742,24340-91166,Περτούλι,ΠΕΡΤΟΥΛΙ ΤΡΙΚΑΛΩΝ,420 32,6982299742,24310-26633,24340-91147
ΑΡΧΟΝΤΙΚΟ ΧΡΙΣΤΟΔΟΥΛΟΥ,,2,,arhontikochristodoulou@yahoo.gr,24340-71771,,Βροντερό,,420 32,2434071771,,6974723442
ΑΡΧΟΝΤΙΚΟΝ ΕΛΛΗΝΟΠΥΡΓΟΥ,"


15 Χλμ
",5,www.xenonas-archontikon.gr,info@xenonas-archontikon.gr,24410-33000,24410-33034,Μουζάκι,ΕΛΛΗΝΟΠΥΡΓΟΣ,430 60,,,
ΑΣΚΟΥΡΙΣ,,2,,,24950-96300,,Καλλιπεύκη,,400 04,,,
ΑΣΤΕΡΑΣ,"


1 Χλμ
",3,www.asterashotel.gr,asterashotellarisa@gmail.com,2410-534772/5,2410-536414,Λάρισα,ΚΟΥΜΑ  &  ΑΣΚΛΗΠΙΟΥ 22,412 22,,,
ΑΣΤΟΡΙΑ,"


7 Χλμ
",2,www.astoriahotel.gr,info@astoriahotel.gr,24270-49385,24270-49361,Σκιάθος,ΣΚΙΑΘΟΣ,370 02,6974-399703,,24270-49386
ΑΣΤΡΟΒΟΛΙΑ,"


35 Χλμ
",3,www.astrovolia.com,fptravel@otenet.gr,24320-41435,2103637639,Χρυσομηλιά,ΧΡΥΣΟΜΗΛΙΑ ΤΡΙΚΑΛΩΝ,421 00,2103628836,2103637639,
ΑΣΤΡΟΜΕΡΙΑ,,3,www.astromeria-hotel.gr,info@astromeria-hotel.gr,2426032085,2310900390,Μακρυρράχη,,37001,,,
ΑΣΤΡΟΝ,"


1 Χλμ
",2,,astronkarditsa@yahoo.com,24410-23552,24410-23551,Καρδίτσα,ΙΕΖΕΚΙΗΛ 47,431 00,,,24410-23553
ΑΤΛΑΝΤΙΚ,"


0.5 Χλμ
",2,,tkalyvas@yahoo.com,2410-287711,2410-230022,Λάρισα,ΑΛ. ΠΑΝΑΓΟΥΛΗ 1  &  ΚΥΠΡΟΥ,412 23,,,2410-287714
ΑΤΡΑΠΟΣ,"


0.05 Χλμ
",2,www.atrapos-pelion.com,info@atrapos-pelion.com,24260-31291,24260-32182,Κισσός,,370 12,,,
ΑΥΡΑ,"


0.5 Χλμ
",2,www.myavra.gr,avradulac@yahoo.gr,24410-21523,24410-72144,Καρδίτσα,ΚΑΡΑΙΣΚΑΚΗ 42,431 00,,,24410-40863
ΑΥΡΑ,"


1 Χλμ
",2,,avravolos@yahoo.gr,24210-25370,24210-28980,Βόλος,ΣΟΛΩΝΟΣ 5,383 33,2421025370,,24210-76550
ΑΥΡΑ,"


0.2 Χλμ
",2,,,24240-33550,,Γλώσσα,ΛΟΥΤΡΑΚΙ,370 04,231-0303464,231-0326300,24240-33526
ΑΥΣΤΡΑΛΙΑ,"


0.3 Χλμ
",1,,costas2007@yahoo.gr,24270-22488,24270-22086,Σκιάθος,ΣΚΙΑΘΟΣ,370 02,,,
ΑΦΗΣΣΟΣ,"


23 Χλμ
",2,,vassoafissos@hotmail.com,24230-33438,24230-33438,Άφυσσος,ΑΦΗΣΣΟΣ ΠΗΛΙΟΥ,370 10,2421-055670,2421-055670,
ΑΦΟΙ ΜΠΑΚΟΥ,"


0.1 Χλμ
",2,,mpakouhotel@hotmail.com,24340-71208,24340-71248,Ελάτη,ΕΛΑΤΗ ΤΡΙΚΑΛΩΝ,420 32,,,
ΑΦΡΟΔΙΤΗ,"


11 Χλμ
",3,www.afroditehotel.gr,info@afroditehotel.gr,24240-23150,24240-23152,Πάνορμος,ΠΑΝΟΡΜΟΣ ΣΚΟΠΕΛΟΥ,370 03,2424-023151,2424-023152,24240-23622
ΑΧΕΛΩΟΣ,"


0.05 Χλμ
",1,,nikolosia@yahoo.gr,24340-31490,,Μεσοχώρα,ΜΕΣΟΧΩΡΑ ΤΡΙΚΑΛΩΝ,420 37,,,6974711075
ΑΧΙΛΛΕΙΟΝ,"


1 Χλμ
",3,achillion.rphotels.gr,achillion@rphotels.gr,24310-28192,24310-74858,Τρίκαλα,ΑΣΚΛΗΠΙΟΥ 2,421 00,,,
ΑΧΙΛΛΕΙΟΝ,"


0.5 Χλμ
",2,www.achilliohotel.gr,info@achilliohotel.gr,2410 537401,2410-536328,Λάρισα,ΚΕΝΤΡΑΥΡΩΝ 10,412 22,,,2410 537402
ΒΑΛΕΝΗ,"


2 Χλμ
",4,www.valeni.gr,info@valeni.gr,24280-90206,24280-90205,Πορταριά,ΠΟΡΤΑΡΙΑ ΜΑΓΝΗΣΙΑΣ,370 11,,,2428090207
ΒΑΛΙΣ,"


5 Χλμ
",4,www.valisresort.gr,gs@valisresort.gr,24280-97260,24280-97200,Αγριά,ΑΓΡΙΑ ΒΟΛΟΥ,373 00,,,2428097261
ΒΑΛΙΣ ΔΥΟ,"


5 Χλμ
",5,www.valisresort.gr,info@valisresort.gr,24280-97260,24280-97200,Αγριά,ΑΓΡΙΑ ΜΑΓΝΗΣΙΑΣ,373 00,,,
ΒΑΡΒΑΡΑ,"


6 Χλμ
",2,www.hotelbarbara.gr,hotelbarbara@gmail.com,24280-92367,24280-92367,Αγριά,ΛΑΜΠΗ 22,373 00,,,
ΒΑΣΙΛΗΑΣ ΜΠΗΤΣ,"


2.5 Χλμ
",2,http://vassiliasbeachhotel.gr,info@vassiliasbeachhotel.gr,24270-22003,24270-22526,Σκιάθος,ΣΚΙΑΘΟΣ,370 02,2427-022003,2427-022526,24270-22235
ΒΑΣΙΛΙΑΣ,"


1 Χλμ
",2,www.kinghotel.gr,info@kinghotel.gr,24323-00619,24323-00619,Καλαμπάκα,ΤΡΙΚΑΛΩΝ 97,422 00,24323-00619,24323-00619,24320-23250
ΒΙΚΤΩΡΙΑ,"


0.5 Χλμ
",1,www.hotelvictoriakalanera.com,hotelvictoriakalanera@gmail.com,2423022219,2423022615,Καλά Νερά,ΚΑΛΑ ΝΕΡΑ ΜΑΓΝΗΣΙΑΣ,370 10,2423022219,2423022615,2423022219
ΒΙΛΛΑ ΑΛΕΞΗΣ,"


1 Χλμ
",2,www.villaalexis.com,iliopoulosalexander@gmail.com,24270-23058,210-3606674,Σκιάθος,ΦΤΕΛΙΑ,370 02,21-03605948,21-03606674,2103606674
ΒΙΛΛΑ ΖΑΧΑΡΩ,"


8 Χλμ
",1,www.villazaharo.gr,villazaharo@gmail.com,24270-49275,24270-49597,Σκιάθος,ΤΡΟΥΛΟΣ ΣΚΙΑΘΟΥ,370 02,2427024545,,
ΒΙΛΛΑ ΤΩΝ ΡΟΔΩΝ,"


0.2 Χλμ
",2,www.villatonrodon.gr,info@villatonrodon.gr,24260-49340,24260-49667,Τσαγκαράδα,ΤΣΑΓΚΑΡΑΔΑ ΠΗΛΙΟΥ,370 12,,,24260-49667
ΒΛΑΣΣΗΣ,"


48 Χλμ
",3,www.hotelvlassis.gr,hotelvlassis@gmail.com,24950-91301,24950-91351,Στόμιο,ΣΤΟΜΙΟ ΛΑΡΙΣΑΣ,400 07,6944715323,2310-424448,24950-91198
ΒΟΛΟΣ ΠΑΛΛΑΣ,"


3 Χλμ
",4,www.volospalace.gr,info@volospalace.gr,24210-76501/5,24210-76507,Βόλος,ΞΕΝΟΦΩΝΤΑΣ  &  ΘΡΑΚΩΝ,383 33,,,
ΒΟΝΤΖΟΣ,"


3.5 Χλμ
",2,www.hotelvontzos.gr,email@hotelvontzos.gr,24270-22875,24270-21285,Σκιάθος,ΑΧΛΑΔΙΕΣ,370 02,,,24270-22326
ΒΟΤΣΑΛΑ,"


8 Χλμ
",2,www.hotel-votsala.gr,hotel.votsala@gmail.com,24260-22001,24260-22001,Χορευτό,ΧΟΡΕΥΤΟ ΠΗΛΙΟΥ,370 01,2426022001,2426022001,
ΒΡΥΩΝΗΣ,"


16 Χλμ
",2,www.hotelvrionis.com,hotelvrionis@gmail.com,2426031301,2426031301,Άγιος Δημήτριος,ΑΓΙΟΣ ΔΗΜΗΤΡΙΟΣ ΠΗΛΙΟΥ,370 12,,,
Γ.Ρ. ΛΟΥΙΣ ΛΑΡΙΣΑΣ,"


1 Χλμ
",2,,,2410-535024,,Λάρισα,ΣΟΥΤΣΟΥ 1,412 22,,,2410-535025
ΓΑΙΑ,"


10 Χλμ
",4,,,24280-99190,,Μακρινίτσα,ΠΑΝΑΓΙΑ ΜΑΚΡΙΝΙΤΣΑΣ ΜΑΓΝΗΣΙΑΣ,370 11,,,
ΓΑΛΑΖΙΟΣ ΚΟΛΠΟΣ,"


10 Χλμ
",2,,eredi@eredi.gr,24230-65327,24230-65327,Μηλίνα,ΜΗΛΙΝΑ ΜΑΓΝΗΣΙΑΣ,370 13,21-06105871,21-06105871,24230-65825
ΓΑΛΑΞΙΑΣ,"


0.5 Χλμ
",2,http://galaxykalampaka.gr,galaxykalampaka@gmail.com,24320-23233,24320-23029,Καλαμπάκα,ΧΑΤΖΗΠΕΤΡΟΥ 23,422 00,,,2432023022
ΓΑΛΑΤΕΙΑ,"


6 Χλμ
",2,www.trikeri-galatia.gr,,24230-55505,,Παλαιό Τρίκερι,ΝΗΣΙ ΠΑΛΙΟ ΤΡΙΚΕΡΙ,370 09,2421-071521,2421-045084,24230-55233
ΓΑΛΗΝΗ,"


8 Χλμ
",2,,,24260-31234,24260-31177,Άγιος Ιωάννης Μουρεσίου,,370 12,2421-034206,2421-035030,
ΓΑΛΗΝΗ,,2,,meropi.andreou73@gmail.com,24230-33214,24230-33544,Άφυσσος,ΑΦΗΣΟΣ ΜΑΓΝΗΣΙΑΣ,370 10,2421-020537,,24230-33292
ΓΑΛΗΝΗ,"


0.5 Χλμ
",3,,dili1@live.com,24270-21772,24270-23495,Σκιάθος,ΦΤΕΛΙΑ ΣΚΙΑΘΟΥ,370 02,2427-021772,,
ΓΑΛΛΙΑ,,2,www.hotelfrance.gr,france_h@otenet.gr,24320-24186,24320-75186,Καστράκι,ΚΑΣΤΡΑΚΙ ΚΑΛΑΜΠΑΚΑΣ,422 00,,,
ΓΕΩΡΓΙΟΣ Λ.,"


0.5 Χλμ
",1,http://georgios.skopelos-hotels.gr/,popiskopelos17@yahoo.gr,2424023010,24240-24625,Σκόπελος,ΣΚΟΠΕΛΟΣ,370 03,2424-023565,,
ΓΗ ΤΟΥ ΟΛΥΜΠΟΥ,,4,,info@olympus-terra.gr,2410593939,2410539938,Γιάννουλη,ΠΑΠΑΓΟΥ  36,41500,,,2414409700
ΓΙΑΛΗΣ,"


1.5 Χλμ
",4,www.yalishotel.gr,info@yalishotel.gr,24240-66186,24240-65019,Βότση,ΑΛΟΝΝΗΣΟΣ,370 05,21-06613061,21-06611371,
ΓΙΑΜΑΝΔΕΣ,"


0.5 Χλμ
",3,www.giamandes.gr,giamandeshotel@gmail.com,2434071749,24340-71497,Ελάτη,ΕΛΑΤΗ ΤΡΙΚΑΛΩΝ,420 32,,,2434071750
ΓΙΟΥΛΗ,"


0.05 Χλμ
",2,www.giouli-hotel.gr,info@giouli-hotel.gr,24950-92102,24950-92192,Κόκκινο Νερό,ΚΟΚΚΙΝΟ ΝΕΡΟ ΛΑΡΙΣΑΣ,400 07,,,24950-92288
ΓΙΟΥΛΙ,"


5 Χλμ
",1,,xbounova@hotmail.com,6974827416,24210-88278,Βόλος,ΑΝΤΙΓΟΝΗΣ 5,383 34,2421050243,,6986900553
ΓΚΑΛΕΡΙ,,4,www.galleryarthotel.gr,info@galleryarthotel.gr,24310-63990,24310-63993,Ριζαρειό,ΠΕΡΙΦ/ΚΗ ΟΔΟΣ ΛΑΡΙΣΗΣ-ΚΑΡΔΙΤΣΑΣ,421 00,,,
ΓΚΛΟΡΙΟΥΣ ΠΗΛΕΥΣ ΚΑΣΤΛ,"


2 Χλμ
",5,www.gloriouspeleys.com,gloriouspeleys@yahoo.gr,24230-86671,24230-86611,Βυζίτσα,ΒΥΖΙΤΣΑ ΠΗΛΙΟΥ,370 10,,,24230-86611
ΓΚΟΓΚΟΣ,,3,www.hotelgogos.com,hotelgogos@gmail.com,24320-77914,24320-77913,Καστράκι,,422 00,,,
ΓΚΟΛΝΤΕΝ ΣΑΝ – ΧΡΥΣΑΦΕΝΙΟΣ ΗΛΙΟΣ,"


2 Χλμ
",3,www.goldensunhotel.eu,info@goldensunhotel.eu,24950-97255,24950-97220,Νέα Μεσάγκαλα,ΜΕΣΑΓΓΑΛΑ ΑΙΓΑΝΗΣ ΛΑΡΙΣΗΣ,400 07,,,24950-97681
ΓΚΡΑΝΤ ΜΕΤΕΩΡΑ,,4,www.grandmeteora.gr,info@grandmeteora.gr,2432077707,2432077445,Καστράκι,,42200,,,
ΓΚΡΑΝΤ ΟΤΕΛ,"


1 Χλμ
",3,grandhotel.focusgreece.gr,ghlar79@otenet.gr,2410-257711/6,2410-257888,Λάρισα,Β.ΚΩΝ/ΝΟΥ 29 & ΠΑΠΑΚΥΡΙΑΖΗ,412 22,,,
ΓΟΡΓΟΝΑ,"


5 Χλμ
",1,,voulgari.eleftheria@yahoo.gr,24210-88514,,Βόλος,ΝΕΕΣ ΠΑΓΑΣΕΣ ΒΟΛΟΥ,385 00,,,6942239679
ΓΟΡΓΟΝΑ,"


0.3 Χλμ
",2,www.gorgona.gr,info@gorgona.gr,24240-65317,24240-65629,Πατητήρι,ΡΟΥΣΟΥΜ ΓΙΑΛΟΣ ΑΛΟΝΝΗΣΟΥ,370 05,2424-065317,2424-065629,
ΔΑΦΝΗ,"


0.6 Χλμ
",4,www.dafnihotel.gr,thegal@otenet.gr,24270-29164,24270-23233,Σκιάθος,ΜΕΓΑΛΗ ΑΜΜΟΣ ΣΚΙΑΘΟΥ,370 02,24270-23233,24270-23233,6945854598
ΔΕΛΦΙΝΙ,"


0.2 Χλμ
",2,www.hoteldolphin.gr,info@hoteldolphin.gr,24240-23018,24240-23016,Σκόπελος,ΧΩΡΑ ΣΚΟΠΕΛΟΥ,370 03,2424-023015,2424-023016,24240-23015
ΔΕΛΦΟΙ,"


22 Χλμ
",2,hoteldelphi.gr,delphiclub_elios@yahoo.com,24240-33788,24240-33171,Νέο Κλήμα,ΝΕΟ ΚΛΗΜΑ ΣΚΟΠΕΛΟΥ,370 03,2424-033788,2424-033171,24240-33301
ΔΕΣΠΟΤΙΚΟ,"


0.2 Χλμ
",4,www.despotiko.gr,info@despotiko.gr,24280-99046,24280-99600,Πορταριά,ΠΟΡΤΑΡΙΑ ΠΗΛΙΟΥ,370 11,2428-099046,,24280-99042
ΔΕΣΠΟΤΙΚΟ 1,,4,www.despotiko.gr,info@despotiko.gr,24280-99042,24280-99600,Πορταριά,ΠΟΡΤΑΡΙΑ ΜΑΓΝΗΣΙΑΣ,370 11,,,
ΔΕΥΚΑΛΙΩΝ,"


0.2 Χλμ
",2,,hotel.defkalion@gmail.com,24210-46509,24210-46468,Άλλη Μεριά,ΑΛΛΗ ΜΕΡΙΑ ΒΟΛΟΥ,385 00,,,24210-46468
ΔΗΜΟΚΡΙΤΟΣ,"


13 Χλμ
",2,,georgomanou@yahoo.gr,24340-71891,,Καλόγηροι,,420 32,,,
ΔΗΜΟΥΛΑ,"


0.5 Χλμ
",2,www.hoteldimoula.gr,hdimoula@otenet.gr,24230-22245,24230-22645,Καλά Νερά,ΣΤΑΓΟΠΟΥΛΟΥ 10,370 10,2421-055664,2423-022645,24230-22645
ΔΙΑΚΟΠΕΣ ΔΙΠΛΩΜΑΤΩΝ,"


4 Χλμ
",2,www.diplomatsholidays.com,info@diplomatsholidays.com,24230-65497,24230-65195,Χόρτο,ΧΟΡΤΟ ΜΑΓΝΗΣΙΑΣ,370 06,210-6921115,210-6921115,24230-65697
ΔΙΒΑΝΗ ΠΑΛΛΑΣ,"


1 Χλμ
",5,www.divanis.gr,divanis@divanilarissa.gr,2410252791-5,2410549480,Λάρισα,ΠΑΠΑΝΑΣΤΑΣΙΟΥ ΑΛ.19,412 22,21-09280100,21-09214993,
ΔΙΒΑΝΙ,"


1 Χλμ
",4,www.divanis.gr,divanis@divanimeteora.gr,24320-23330,24320-23638,Καλαμπάκα,ΤΡΙΚΑΛΩΝ-ΚΑΛΑΜΠΑΚΑΣ,422 00,21-09280100,21-09214993,23637
ΔΙΕΘΝΕΣ,"


2 Χλμ
",1,,papaef.kostas@yahoo.gr,2410-234210,2410-234210,Λάρισα,ΚΩΝΣΤΑΝΤΙΝΟΥ ΠΑΛΑΙΟΛΟΓΟΥ 8,412 23,,,2410-282749
ΔΙΟΓΕΝΗΣ,"


2 Χλμ
",2,Diogenishoteltsagarada.gr,diogenishotel@gmail.com,24260-49519,24260-49612,Τσαγκαράδα,ΤΣΑΓΚΑΡΑΔΑ ΠΗΛΙΟΥ,370 12,2421-059762,,24260-49611
ΔΙΟΝΥΣΟΣ,"


0.5 Χλμ
",3,www.dionissoshotel.gr,info@dionissoshotel.gr,2410-230101/4,2410-282930,Λάρισα,Λ.ΚΑΤΣΩΝΗ 24,412 23,,,2410550560
ΔΙΟΝΥΣΟΣ,"


0.3 Χλμ
",3,www.dionyssoshotel.gr,res@dionyssoshotel.gri,24240 23210,,Σκόπελος,ΣΚΟΠΕΛΟΣ,370 03,6943904708,,
ΔΟΛΟΠΙΑ,"


0.3 Χλμ
",3,www.dolopia.gr,mail@dolopia.gr,24430-71247,24430-71247,Ρεντίνα,,430 68,,,6972289620
ΔΡΥΑΔΕΣ,,2,www.driadeshotel.com,driadeshotel.info@gmail.com,24340-71275,2434071275,Ελάτη,,420 32,,,
ΔΡΥΑΔΕΣ,"


0.1 Χλμ
",3,www.hoteldryades.gr,info@hoteldryades.gr,24280-96246,24280-96100,Άγιος Λαυρέντιος,,373 00,,,24280-96110
ΔΡΥΑΛΟΣ,"


0.5 Χλμ
",3,www.dryalos.gr,info@dryalos.gr,24230 86690,24230-86693,Μηλιές,ΜΗΛΙΕΣ ΜΑΓΝΗΣΙΑΣ,370 10,6974479339,2423086690,2423086925
ΔΩΔΕΚΑ ΜΗΝΕΣ ΠΟΛΥΤΕΛΕΣ ΚΑΤΑΛΥΜΑ,"


20 Χλμ
",5,www.12hotel.gr,12hotel@12hotel.gr,2426048894,24260-48896,Τσαγκαράδα,ΤΣΑΓΚΑΡΑΔΑ,370 12,2426048894,2426048896,2426048895
ΕΔΕΜ,"


30 Χλμ
",2,https://edenpelion.com/,edenhotel@outlook.com.gr,24260-31160,24260-31560,Ανήλιο,,370 01,,,24260-31163
ΕΛ – ΓΚΡΕΚΟ,,0,,hostelgreco@gmail.com,6997158446,,Καλαμπάκα,Σιδηροδρόμου 5-7,42200,,,
ΕΛΕΑΝΑ,"


7 Χλμ
",2,www.eleana-marina.gr,info@eleana-marina.gr,24260-31097,24260-31097,Άγιος Ιωάννης Μουρεσίου,ΑΓ.ΙΩΑΝΝΗΣ ΠΗΛΙΟΥ,370 12,2421-060704,,24260-32150
ΕΛΕΝΑ,,2,www.helena.gr,info@helena.gr,2410-287461,2410-287463,Λάρισα,28ΗΣ ΟΚΤΩΒΡΙΟΥ 13,412 23,,,2410-287463
ΕΛΕΝΑ,"


0.35 Χλμ
",1,www.hotelelena-kalanera.gr,vaitsiskostas@yahoo.com,24230-22296,,Καλά Νερά,ΚΑΛΑ ΝΕΡΑ ΜΑΓΝΗΣΙΑΣ,370 10,,,
ΕΛΕΝΗ,"


0.5 Χλμ
",1,,elenihotel@yahoo.gr,24240-22393,24240-22936,Σκόπελος,ΣΚΟΠΕΛΟΣ,370 03,2424-022179,2424-022936,24240-22936
ΕΛΙΒΙ ΣΚΙΑΘΟΣ,"


13 Χλμ
",5,www.elivihotels.com,info@elivihotels.com,2427440913,,Κουκουναριές-Μάραθα,,370 02,2463025222,,2463025222
ΕΛΙΟΣ ΧΟΛΙΝΤΕΪΣ ΧΟΤΕΛ,"


18 Χλμ
",3,www.eliosholidayshotel.gr,v.spyrou@skopeloshotels.eu,24240-22230,24240-33140,Κλήμα,ΚΛΗΜΑ ΣΚΟΠΕΛΟΥ,370 03,210-6919111,210-6910463,
ΕΛΛΗ,"


0.1 Χλμ
",2,www.elliskopelos.gr,info@elliskopelos.com,24240-22943,2421030207,Σκόπελος,ΣΚΟΠΕΛΟΣ,370 03,2421030200,2421030207,
ΕΛΣΑ,"


0.8 Χλμ
",2,,elsazebeki@hotmail.gr,24270-21271,,Σκιάθος,,370 02,2427-024429,2421-038364,24270-22689
ΕΛΥΤΗΣ,"


9 Χλμ
",2,,elitispotistika@gmail.com,24230-54482,24230-54482,Ποτιστικά,ΠΟΤΙΣΤΙΚΑ ΞΥΝΟΒΡΥΣΗΣ ΜΑΓΝ,370 06,,,
ΕΜΥ,"


2 Χλμ
",2,www.emyhotel.gr,thegal@otenet.gr,24270-24119,24270-24118,Σκιάθος,ΑΓ.ΓΕΩΡΓΙΟΣ,370 02,21-06393784,21-06002732,24270-22259
ΕΝ ΚΙΣΣΩ 1753,"


0.05 Χλμ
",4,www.atrapos-pelion.com,info@atrapos-pelion.com,24260-31291,24260-32182,Κισσός,ΚΙΣΣΟΣ ΜΑΓΝΗΣΙΑΣ,370 12,,,
ΕΝΑΛΙΟΝ,,2,www.enalion.gr,info@enalion.gr,24230-23285,24230-23203,Καλά Νερά,,370 10,,,
ΕΝΝΕΑ ΛΙΟΝΤΑΡΙΑ,"


55 Χλμ
",3,www.lionsnine.gr,lionsnine@pelionhotel.gr,24260-49500,24260-49500,Μουρέσι,ΜΟΥΡΕΣΙ ΜΑΓΝΗΣΙΑΣ,370 12,6936031234,24260-49500,6976533976
ΕΝΤΕΛΒΑΙΣ,"


1 Χλμ
",3,www.hotel-edelweiss.gr,info@hotel-edelweiss.gr,24320-23966,24320-24733,Καλαμπάκα,ΚΑΛΑΜΠΑΚΑ ΤΡΙΚΑΛΩΝ,422 00,,,24320-24918
ΕΠΑΥΛΙΣ,"


0.8 Χλμ
",3,www.hotel-epavlis.gr,nspiros@otenet.gr,24320-24830,24320-24830,Καλαμπάκα,ΚΟΥΜΑΡΙΕΣ ΚΑΛΑΜΠΑΚΑΣ,422 00,,,
ΕΡΑΤΩ,"


8 Χλμ
",2,"www,erato-pelion.gr",mariarinou@hotmail.com,24260-22445,24260-22445,Χορευτό,ΧΟΡΕΥΤΟ ΠΗΛΙΟΥ ΜΑΓΝΗΣΙΑΣ,370 01,2421-034531,,
ΕΡΜΗΣ,"


8 Χλμ
",2,www.pelionhermes.gr,hotel.hermes@gmail.com,24260-22771,24260-23213,Χορευτό,ΧΟΡΕΥΤΟ ΖΑΓΟΡΑΣ ΠΗΛΙΟΥ,370 01,,,24260-23072
ΕΡΜΗΣ,"


7 Χλμ
",2,www.skiathoshermes.com,Skiathoshermeshotel@gmail.com,24270-49405,,Σκιάθος,ΤΖΑΝΕΡΙΑ,370 02,2427-021761,,2392021150
ΕΡΩΤΑΣ,,3,,pezaskostas@gmail.com,24260-31880,,Άγιος Δημήτριος,,370 12,,,
ΕΡΩΦΙΛΗ,"


12 Χλμ
",3,www.erofilipelion.gr,erofilihotel@gmail.com,24280-99916,24280-99956,Πορταριά,,370 11,,,24280-99936
ΕΣΠΕΡΙΔΕΣ,"


4 Χλμ
",4,www.esperidesbeach.gr,info@esperidesbeach.gr,24270-22245,24270-21580/1,Σκιάθος,ΑΧΛΑΔΙΕΣ ΣΚΙΑΘΟΥ,370 02,,,22535
ΕΣΠΕΡΟΣ,,2,Www.skiathosesperos.gr,hotelesperos@gmail.com,24270-49421,24270-49421,Σκιάθος,,370 02,2427-021050,,
ΕΣΤΙΑ,,2,,,24280-99880,,Πορταριά,,370 11,,,
ΕΥΡΙΠΙΔΗΣ,"


40 Χλμ
",1,www.hotelevripides.gr,Info@hotelevripides.gr,2426031338,24260-31338,Άγιος Ιωάννης Μουρεσίου,ΑΓΙΟΣ ΙΩΑΝΝΗΣ ΠΗΛΙΟΥ,370 12,,,6972544249
ΕΥΡΥΔΙΚΗ,,3,,v.are@windowslive.com,2426022270,2426022273,Ζαγορά,,37001,,,
ΖΑΓΟΡΑ,,3,www.zagorahotel.gr,info@zagorahotel.gr,24260-22062,24260-22067,Ζαγορά,ΖΑΓΟΡΑ ΜΑΓΝΗΣΙΑΣ,370 01,,,
ΖΑΡΚΑΔΑ,,3,,,24280-94007,,Άγιος Γεώργιος Νηλείας,,370 10,,,
ΖΑΧΟΣ,"


9 Χλμ
",1,www.hotelzachos.com,hotelzachos@hotmail.com,24270-49495,24270-49495,Σκιάθος,ΤΡΟΥΛΟΣ,370 02,,,24270-49496
ΖΕΥΣ,"


12 Χλμ
",2,www.caravos.gr,info@caravos.gr,24270-49356,24270-49381,Σκιάθος,ΚΟΥΚΟΥΝΑΡΙΕΣ ΣΚΙΑΘΟΥ,370 02,6974-367374,2427-049381,24270-49545
ΖΕΦΥΡΟΣ,"


0.2 Χλμ
",2,www.zefirosk@otenet.gr,zefirosk@otenet.gr,24260-31090,24260-31091,Άγιος Ιωάννης Μουρεσίου,ΑΓΙΟΣ ΙΩΑΝΝΗΣ ΠΗΛΙΟΥ,370 12,6944250690,,27210-31335
Η ΣΥΚΙΑ,"


17 Χλμ
",2,www.camping-sikia.gr,info@camping-sikia.gr,24230-22279,24230-22720,Κάτω Γατζέα,ΚΑΤΩ ΓΑΤΖΕΑ ΒΟΛΟΥ,385 00,2423-022081,,24230-22081
ΗΛΕΚΤΡΑ,"


1 Χλμ
",3,www.hotelelectra.webnode.com,hotelelectravolos@gmail.com,24210-32671,24210-32674,Βόλος,ΤΟΠΑΛΗ 24,382 21,,,24210-32672
ΗΛΙΑΝΝΑ,"


12 Χλμ
",3,www.ilianna.gr,info@ilianna.gr,24280-99489,24280-99490,Κατωχώρι,ΚΑΤΗΧΩΡΙ ΠΟΡΤΑΡΙΑ ΒΟΛΟΥ,370 11,,,
ΗΛΙΟΔΩΡΑ,"


18 Χλμ
",4,www.pelion.org/heliodora/,heliodor@otenet.gr,24260-31325,24260-31325,Κισσός,ΕΟ ΚΙΣΣΟΥ,370 12,2426031325,,
ΗΛΙΟΠΕΤΡΑ,"


20 Χλμ
",3,www.iliopetrasuites.gr,info@iliopetrasuites.gr,24280-96406,24280-96408,Άγιος Λαυρέντιος,,37300,,,24280-96407
ΘΑΛΕΙΑ,,3,,peri.const@gmail.com,6983001770,,Προμύριο,,37006,,,2423071058
ΘΕΑ ΗΟΜΕ-ΤΗΕΑ ΗΟΜΕ,"


0.25 Χλμ
",1,www.theahomehotel.com,info@theahomehotel.com,24240-22859,24240-23556,Σκόπελος,ΣΚΟΠΕΛΟΣ,370 03,,,6945344428
ΘΕΟΔΩΡΑ,"


2 Χλμ
",3,,archontikotheodora@gmail.com,24280-99179,24280-99989,Μακρινίτσα,ΜΑΚΡΥΝΙΤΣΑ ΠΗΛΙΟΥ,370 11,,,24280-99989
ΘΕΟΦΙΛΟΣ,"


3 Χλμ
",4,,,24280-99435,,Μακρινίτσα,ΜΑΚΡΥΝΙΤΣΑ ΠΗΛΙΟΥ,370 11,,,099031
ΘΕΣΣΑΛΙΑ,"


0.2 Χλμ
",2,www.loutra-smokovou.gr,info@loutra-smokovou.gr,24430-61210,24430-61178,Λουτρά Σμοκόβου,,430 68,,,22430-61329
ΘΕΣΣΑΛΙΚΟΝ ΓΚΡΑΝΤ,,5,www.thessalikongrand.gr,info@thgrandhotel.com,24410-36200,,Μητρόπολη,3ΧΛΜ.ΚΑΡΔΙΤΣΑΣ-ΜΗΤΡΟΠΟΛΙΣ,431 00,,,
ΘΕΤΙΣ,"


2 Χλμ
",3,,,24230-86111,24210-21688,Βυζίτσα,,370 10,,,24210-21670
ΘΗΤΑ,,4,www.thetahotel.gr,info@thetahotel.gr,24260-32210,,Άγιος Δημήτριος,,370 12,,,2426032211
ΙΑΚΩΒΑΚΗΣ,"


22 Χλμ
",4,www.iakovakis-suites.gr,info@iakovakis-suites.gr,24230-22004,24230-22007,Κορόπη,ΚΟΡΩΠΗ ΜΑΓΝΗΣΙΑΣ,370 10,,,6973-309074
ΙΑΣΩΝ,"


1 Χλμ
",1,www.jason-hotel.gr,info@jason-hotel.gr,24210-26075,24210-26975,Βόλος,ΠΑΥΛΟΥ ΜΕΛΑ 1,383 33,0306987054238,,24210-26075
ΙΖΕΛΑ,"


0.5 Χλμ
",2,,anestis2@otenet.gr,24230-22379,24230-23015,Καλά Νερά,ΚΑΛΑ ΝΕΡΑ ΜΑΓΝΗΣΙΑΣ,370 10,,,6974-809387
ΙΚΙΟΝ,"


0.1 Χλμ
",3,www.ikion.com,info@ikion.com,24240-66360,24240-65736,Πατητήρι,ΠΑΤΗΤΗΡΙ ΑΛΟΝΝΗΣΟΥ,370 05,6970238882,,24240-65639
ΙΟΥΛΙΕΤΑ,,1,,kiriazis@hotmail.com,24240-65463,,Πατητήρι,ΠΑΤΗΤΗΡΙ ΑΛΟΝΝΗΣΟΥ,370 05,,,
ΙΦΙΓΕΝΕΙΑ,"


1 Χλμ
",2,www.ifigeniahotel.gr,ifigenia_hotel@hotmail.com,24270-22140,24270-23855,Σκιάθος,ΣΚΙΑΘΟΣ,370 02,2421-052791,2421-052791,
ΙΩΛΚΟΣ,"


1.5 Χλμ
",2,,,24210-24509,24210-76703,Βόλος,ΔΗΜΗΤΡΙΑΔΟΣ 37,383 33,,,24210-23416
ΙΩΝΙΑ,"


0.3 Χλμ
",2,www.ioniahotel.gr,strategi@otenet.gr,24240-22568,24240-23301,Σκόπελος,ΣΚΟΠΕΛΟΣ,370 03,2421-037607,2421-039550,
ΚΑΒΟΣ,"


0.3 Χλμ
",2,www.kavoshotel.gr,info@kavoshotel.gr,24240-65216,24240-65083,Πατητήρι,ΠΑΤΗΤΗΡΙ ΑΛΟΝΝΗΣΟΥ,370 05,6972-282175,2424-065083,24240-65083
ΚΑΒΟΥΡΗΣ,"


0.1 Χλμ
",2,,kavhotel@otenet.gr,2424022596,24240-23413,Σκόπελος,ΣΚΟΠΕΛΟΣ,370 03,2424-023238,2424-023413,2424023238
ΚΑΖΑΡΜΑ ΞΕΝΟΔΟΧΕΙΟ ΚΑΙ ΣΥΝΕΔΡΙΑΚΟ ΚΕΝΤΡΟ,"


29 Χλμ
",4,www.kazarma.gr,reservations@kazarma.gr,24410-92290,24410-92030,Καλύβια,ΚΑΛΥΒΙΑ ΦΥΛΑΧΤΗΣ,430 67,,,
ΚΑΙΚΗΣ,"


0.7 Χλμ
",3,www.hotelkaikis.gr,info@hotelkaikis.gr,24320-75280,24320-75282,Καλαμπάκα,ΤΡΙΚΑΛΩΝ 146,422 00,,,
ΚΑΛΗ ΘΕΑ,,4,,info@belvedereskiathos.com,24270-21490,,Σκιάθος,,370 02,,,24316-00715
ΚΑΛΛΙΣΤΩ,"


25 Χλμ
",2,,g.tsianavas@freemail.gr,24410-97765,,Καστανιά,,431 00,,,
ΚΑΛΛΟΝΗ,"


5 Χλμ
",3,www.hotelkalloni.gr,hotelkal@otenet.gr,24210-88240,24210-87241,Βόλος,ΚΛΕΙΟΥΣ 24,385 00,,,24210-88241
ΚΑΛΝΤΕΡΙΜΙ ΠΑΡΑΔΟΣΙΑΚΟΣ ΞΕΝΩΝΑΣ,,4,www.kalderimihotel.gr,info@kalderimihotel.gr,2426049453,2426049453,Μουρέσι,,37012,,,
ΚΑΛΟΚΑΙΡΙΝΟ ΧΩΡΙΟ,"


12 Χλμ
",4,http://www.myrtiasummervillage.gr/,info@myrtiasummervillage.gr,24270-49410,24270-49411,Σκιάθος,ΚΟΥΚΟΥΝΑΡΙΕΣ ΣΚΙΑΘΟΥ,370 02,,,
ΚΑΜΕΛΙΑ,,2,,kameliakalanera@gmail.com,24230-22608,,Καλά Νερά,,370 10,,,
ΚΑΝΑΠΙΤΣΑ ΜΑΡΕ,"


6 Χλμ
",3,www.kanapitsamare.com,reservations@kanapitsamare.com,24270-24440,24270-24439,Σκιάθος,ΣΚΙΑΘΟΣ,370 02,6994402464,,
ΚΑΠΕΤΑΝΙΟΣ,"


0.3 Χλμ
",2,,info@kapetanios-hotel.gr,24240-22110,,Σκόπελος,ΕΛΕΥΘΕΡΩΤΡΙΑ,370 03,2424-022557,,24240-22980
ΚΑΡΑΒΟΣ,"


12 Χλμ
",3,www.caravos.gr,caravos@caravos.gr,24270-49545,24270-49381,Σκιάθος,ΣΚΙΑΘΟΣ,370 02,6974-367374,2427-049381,24270-49356
ΚΑΡΑΓΙΑΝΝΗΣ,"


9 Χλμ
",1,www.hotelkaragianni.gr,info@hotelkaragianni.gr,24210-88282,24210-88859,Βόλος,Ν.ΠΑΓΑΣΕΣ ΜΑΓΝΗΣΙΑΣ,385 00,,,24210-88859
ΚΑΡΑΟΥΛΑΝΗΣ ΜΠΗΤΣ,"


0.4 Χλμ
",2,www.karaoulanisbeach.gr,kbeach@otenet.gr,24260-31421,24260-31427,Άγιος Ιωάννης Μουρεσίου,ΑΓΙΟΣ ΙΩΑΝΝΗΣ ΠΗΛΙΟΥ,370 12,2421-042736,2421-044104,2426031335
ΚΑΡΑΦΕΛΑΣ,"


0.2 Χλμ
",1,,karafelatr@gmail.com,24270-21235,,Σκιάθος,ΠΑΠΑΔΙΑΜΑΝΤΗ 59,370 02,2427-021235,,24270-22191
ΚΑΣΣΑΝΔΡΑ,"


18 Χλμ
",2,www.hotel-kassandra.gr,info@hotel-kassandra.gr,24230-22764,24230-22764,Καλά Νερά,ΚΑΛΑ ΝΕΡΑ ΜΑΓΝΗΣΙΑΣ,370 10,,,
ΚΑΣΣΑΝΔΡΑ ΜΠΕΥ ΡΗΖΟΡΤ,"


3 Χλμ
",5,www.kassandrabay.com,manager@kassandrabay.com,2427024201,,Σκιάθος,ΒΑΣΙΛΙΑΣ ΣΚΙΑΘΟΥ,370 02,2427024201,2427021992,2427024202
ΚΑΣΤΡΑΚΙ 2,"


1 Χλμ
",3,www.hotelkastraki.gr,info@hotelkastraki.gr,24320-75336,24320-75335,Καστράκι,ΚΑΣΤΡΑΚΙ ΚΑΛΑΜΠΑΚΑΣ,422 00,,,
ΚΑΣΤΡΙ,"


7 Χλμ
",2,,,24230-71201,,Καστρί,,370 06,,,
ΚΑΣΤΡΙ,"


2 Χλμ
",1,www.kastrihotel.gr,info@kastrihotel.gr,2495-097163,24950-97162,Αιγάνη,,400 07,241-0287467,241-0555037,6943103529
ΚΑΣΤΡΟ,"


0.6 Χλμ
",1,www.skiathosrooms.org,info@skiathosrooms.org,24270-22623,24270-23298,Σκιάθος,ΣΚΙΑΘΟΣ,370 02,2427-023298,,6977084755
ΚΑΤΑΦΥΓΙΟ,"


0.3 Χλμ
",1,www.hotelkatafigio.com,katafigioelati@gmail.com,24340-71886,,Ελάτη,,420 32,,,
ΚΑΤΕΡΙΝΑ,"


8 Χλμ
",2,,,24260-22772,,Χορευτό,ΧΟΡΕΥΤΟ ΒΟΛΟΥ,370 01,2426-022772,,24260-22463
ΚΑΤΙΑ,"


22 Χλμ
",2,www.hotel-katia.com,info@hotel-katia.com,2423033423,24230-33023,Άφυσσος,ΑΦΗΣΣΟΣ ΒΟΛΟΥ,370 10,,,24230-33110
ΚΕΛΛΥ,"


8 Χλμ
",2,www.hotelkelly.gr,info@hotelkelly.gr,24260-31231,,Άγιος Ιωάννης Μουρεσίου,ΑΓΙΟΣ ΙΩΑΝΝΗΣ ΠΗΛΙΟΥ,370 12,2421-028745,,
ΚΕΝΤΑ ΜΠΙΤΣ,"


20 Χλμ
",3,www.kentabeach.gr,info@kentabeach.gr,24260-31230,24260-31021,Άγιος Ιωάννης Μουρεσίου,,370 12,,,
ΚΕΝΤΑΥΡΟΣ,"


22 Χλμ
",2,www.hoteldryades.gr,info@hoteldryades.gr,24280-96224,24280-96100,Άγιος Λαυρέντιος,ΑΓ.ΛΑΥΡΕΝΤΙΟΣ ΜΑΓΝΗΣΙΑΣ,385 00,,,24280-96246
ΚΕΝΤΡΙΚΟΝ,"


20 Χλμ
",3,www.bungalows-kentrikon.gr,info@bungalows-kentrikon.gr,24260-32200,24210-35030,Άγιος Ιωάννης Μουρεσίου,ΑΓ.ΙΩΑΝΝΗΣ ΠΗΛΙΟΥ,370 12,24210-32174,24210-35030,24210-32171
ΚΕΡΑΜΑΡΙΟ,,3,,info@keramario.gr,2445061470,,Δρακότρυπα,,43000,,,
ΚΕΦΟΣ,,2,,npapachristos69@gmail.com,24320-22044,,Καλαμπάκα,ΚΟΥΠΗ 1,422 00,,,
ΚΙΒΩΤΟΣ,"


4 Χλμ
",4,www.kivohotel.gr,info@kivohotel.com,24270-22407,24270-21206,Σκιάθος,ΒΑΣΙΛΙΑΣ-ΚΑΤΣΑΡΟΥ,370 02,241-0623254,,021842
ΚΙΕΡΙΟΝ,"


2 Χλμ
",3,www.hotelkierion.gr,kierion1@otenet.gr,24410-71923,24410-22986,Καρδίτσα,ΜΠΛΑΤΣΟΥΚΑ & ΤΖΕΛΛΑ,431 00,,,24410-71926
ΚΛΕΙΝΟΣ,"


25 Χλμ
",2,,,24320-96440,,Κλεινό,,422 00,,,
ΚΛΕΟΠΑΤΡΑ,"


8 Χλμ
",2,www.hotelcleopatra.gr,cleopatrahorefto@gmail.com,2426022606,24260-22606,Χορευτό,ΧΟΡΕΥΤΟ ΠΗΛΙΟΥ,37001,,,6944941386
ΚΟΖΙΑΚΑΣ,"


35 Χλμ
",1,,info@koziakashotel.gr,24340-71270,24340-71106,Ελάτη,,420 32,6942-015708,,24340-71100
ΚΟΚΚΙΝΟ ΝΕΡΟ,"


60 Χλμ
",2,,m170168@otenet.gr,2495090021,,Κόκκινο Νερό,,400 07,2495090021,,2495090021
ΚΟΚΚΙΝΟΣ ΒΡΑΧΟΣ,"


14 Χλμ
",3,www.kokkinosvrachos.gr,kokkinosvrachos@gmail.com,24340-71185,24340-71191,Ελάτη,ΕΛΑΤΗ ΤΡΙΚΑΛΩΝ,420 32,,,
ΚΟΛΠΟΣ ΜΗΛΙΑ,"


2.5 Χλμ
",3,www.milia-bay.gr,lizamenayalon@gmail.com,2108950794,2108953591,Χρυσή Μηλιά,,370 05,21-08950794,21-08953591,2108956911
ΚΟΡΑΛΛΙ,"


10 Χλμ
",2,www.skiathoskorali.gr,info@skiathoskorali.gr,6979798463,24270-49551,Τρούλλος,,370 02,6979798463,2427-049551,24270-49450
ΚΟΥΚΟΥΝΑΡΙΕΣ,"


0.5 Χλμ
",2,,info@skiathos-palace.gr,24270-49700,24270-49666,Σκιάθος,ΚΟΥΚΟΥΝΑΡΙΕΣ,370 02,21-03242152,21-03233667,210-3242152
ΚΟΥΡΙΑ,,3,www.hotelkouria.gr,hotelkouria@otenet.gr,24950-93333,,Αμπελάκια,,400 04,,,
ΚΟΥΤΣΙΚΟΥΡΗ,"


15 Χλμ
",2,www.hotelkoutsikouris.gr,info@hotelkoutsikouris.gr,24450-42549,24450-42549,Οξυά,,430 60,,,
ΚΟΧΥΛΙ,"


8 Χλμ
",1,,info@kochilihotel.gr,24260-31229,,Άγιος Ιωάννης Μουρεσίου,,370 12,,,
ΚΡΙΤΣΑ ΓΑΣΤΡΟΝΟΜΥ,"


0.01 Χλμ
",3,www.hotel-kritsa.gr,info@hotel-kritsa.gr,24280-90006,24280-90008,Πορταριά,ΠΟΡΤΑΡΙΑ ΒΟΛΟΥ,370 11,,,24280-99121
ΚΡΟΥΠΗ,"


0.15 Χλμ
",2,www.kroupi.gr,hotel@kroupi.gr,2434071312,2434071774,Ελάτη,ΕΛΑΤΗ ΤΡΙΚΑΛΩΝ,420 32,,,
ΚΥΜΑ,"


20 Χλμ
",1,,pyrofani@gmail.com,24230-71269,24230-71269,Πλατανιάς,,370 06,6946-104319,,
ΚΥΡ ΣΩΤΟΣ,"


0.1 Χλμ
",4,www.skopelos.net/sotos,sotossko@otenet.gr,24240-22549,24240-23668,Σκόπελος,ΣΚΟΠΕΛΟΣ ΜΑΓΝΗΣΙΑΣ,370 03,2424-022808,,
ΚΥΨΕΛΗ,"


0.5 Χλμ
",3,www.hotelkipseli.gr,info@hotelkipseli.gr,24210-24420,24210-26020,Βόλος,ΑΓΙΟΥ ΝΙΚΟΛΑΟΥ 1,382 24,,,24210-26888
ΚΩΣΤΑ ΦΑΜΙΣΗ,"


0.5 Χλμ
",4,www.hotelkostafamissi.com,hotelkostafamissi@yahoo.gr,24320-79192,24320-79196,Καλαμπάκα,ΤΡΙΚΑΛΩΝ 144,422 00,,,6932-745814
ΚΩΣΤΑΣ & ΜΑΙΡΗ,"


0.8 Χλμ
",2,,hotelcostasmary@gmail.com,24270-21264,24270-24344,Σκιάθος,ΑΜΜΟΥΔΙΑ,370 02,2427-022641,2427-024344,
ΚΩΣΤΗΣ,"


0.5 Χλμ
",1,www.hotelkostis.gr,hotelkostis@yahoo.gr,24270-22909,24270-23982,Σκιάθος,ΣΚΙΑΘΟΣ,370 02,6937-118064,2427-023982,
ΛΑ ΠΙΣΙΝ,,5,www.lapiscinepalace.gr,sales.skiathos@philianhotels.com,24270-24270,24270-24270,Σκιάθος,ΕΥΑΓΓΕΛΙΣΤΡΙΑΣ,370 02,,,24270029231
ΛΑΓΟΥ ΡΑΧΗ ΞΕΝΟΔΟΧΕΙΟ ΕΞΟΧΗΣ,"


9.5 Χλμ
",3,www.lagouraxi.com,mail@lagouraxi.com,24230-65144,24230-65144,Λαύκος,ΛΑΥΚΟΣ ΜΑΓΝΗΣΙΑΣ,370 06,,,
ΛΑΟΔΑΜΕΙΑ,"


18 Χλμ
",4,www.laodamia.com,info@laodamia.com,24280-78800,24280-78839,Νέα Αγχίαλος,ΔΙΑΜΑΝΤΟΠΟΥΛΟΥ 2Α,374 00,,,
ΛΑΡΙΣΑ ΙΜΠΕΡΙΑΛ,"


3 Χλμ
",5,www.larissaimperial.com,reservations.li@grecotel.com,2410-687600,2410-687687,Λάρισα,ΦΑΡΣΑΛΩΝ 182,413 35,,,
ΛΕΒΑΝΤΕΣ,"


0.8 Χλμ
",2,www.hotel-levantes-alonissos.com,hotellevantes@hotmail.com,24240-65016,24240-65685,Πατητήρι,,370 05,6938301009,,
ΛΕΙΡΙΟΝ,,2,www.leirion.gr,,24230-23929,,Παλαιοχώρι,,422 00,,,
ΛΗΔΑ,"


6 Χλμ
",2,www.ledahotel.gr,info@ledahotel.gr,24210-27931,24210-38008,Χόρτο,ΧΟΡΤΟ ΑΡΓΑΛΑΣΤΗΣ ΜΑΓΝΗΣ.,370 06,2421-027931,2421-038008,24210-38008
ΛΗΘΑΙΟΝ,"


1 Χλμ
",3,www.litheonhotel.gr,litheonhotel@gmail.com,2431020690,2431037390,Τρίκαλα,ΟΘΩΝΟΣ 16,421 00,,,2431020691
ΛΙΑΔΡΟΜΙΑ,"


0.2 Χλμ
",1,www.liadromia.gr,liadromia@alonissos.com,2424065521,2424065096,Πατητήρι,ΑΛΟΝΝΗΣΟΣ,370 05,6978217946,,
ΛΙΓΚΕΡΙ,,2,www.ligerihotel.gr,info@ligerihotel.gr,24340-71454,24340-71380,Ελάτη,ΕΛΑΤΗ ΤΡΙΚΑΛΩΝ,420 32,,,
ΛΙΚΝΟΝ,"


1.5 Χλμ
",4,www.liknon.gr,info@liknon.gr,24320-75910,24320-22716,Καλαμπάκα,ΤΕΡΜΑ ΟΔ.ΚΑΛΑΜΠ.-ΤΡΙΚΑΛΩΝ,422 00,,,
ΛΙΜΝΗ,"


11 Χλμ
",2,,info@aggelidis-oe.gr,24270-49362,2102715245,Σκιάθος,,370 02,,,6978-771653
ΛΟΥΣΚΑ,,2,,,24320-61090,,Αμάραντο,,420 36,,,
ΛΩΤΟΣ,,4,www.thelotustree.gr,reservations@thelotustree.gr,2428099922,24280-99921,Πορταριά,ΚΑΝΑΛΑΚΙ ΠΟΡΤΑΡΙΑΣ ΒΟΛΟΥ,370 11,6940622967,,2428099922
ΜΑΓΓΑΝΙ,"


0.3 Χλμ
",1,www.magani.gr,panoskarousos@yahoo.gr,24230-22080,24230-22080,Καλά Νερά,ΚΑΛΑ ΝΕΡΑ ΜΑΓΝΗΣΙΑΣ,370 10,2423-022080,2423-022080,
ΜΑΓΕΜΑ,"


3 Χλμ
",3,,zkitrou@gmail.com,24320-41626,,Χρυσομηλιά,,422 00,,,6945-996206
ΜΑΓΚΙΩΣΗ,"


60 Χλμ
",3,www.magiossi.gr,magiossi@yahoo.com,24340-91150,24340-91283,Νεραϊδοχώρι,ΝΕΡΑΙΔΟΧΩΡΙ ΤΡΙΚΑΛΩΝ,420 32,,,
ΜΑΪΣΤΡΑ,,3,www.hotelmaistra.com,info@hotelmaistra.com,2426049382,,Τσαγκαράδα,ΤΣΑΓΚΑΡΑΔΑ ΜΑΓΝΗΣΙΑΣ,370 12,,,
ΜΑΙΣΤΡΑΛΙ,"


23 Χλμ
",3,www.maistralihotel.com,info@maistralihotel.com,24230-33472,24230-33149,Άφυσσος,ΑΦΗΣΣΟΣ ΠΗΛΙΟΥ,370 10,2421-024683,,
ΜΑΚΕΔΟΝΙΑ,"


0.3 Χλμ
",1,,tzianasgiorgos@gmail.com,2410-535189,,Λάρισα,ΠΟΛΥΚΑΡΠΟΥ 5,412 21,,,
ΜΑΝΑΚΟΣ,"


32 Χλμ
",2,,,24320-61070,,Καστανιά,ΚΑΣΤΑΝΙΑ ΚΑΛΑΜΠΑΚΑΣ,420 36,,,24320-61071
ΜΑΝΔΡΑΚΙ ΒΙΛΛΑΤΖ,"


12 Χλμ
",4,www.mandraki-skiathos.gr,info@mandraki-skiathos.gr,24270-49301,24270-49302,Σκιάθος,ΚΟΥΚΟΥΝΑΡΙΕΣ ΣΚΙΑΘΟΥ,370 02,6936-622900,2427-049302,24270-49303
ΜΑΝΘΟΣ,"


11 Χλμ
",3,www.manthoshotels.com,info@manthoshotels.com,24280-96402,24280-96405,Χάνια,ΧΑΝΙΑ ΠΗΛΙΟΥ,370 11,,,24280-96403
ΜΑΝΘΟΣ ΜΠΗΤΣ,"


8 Χλμ
",3,www.manthoshotels.com,rebekkakefala@yahoo.com,6957203215,,Άγιος Ιωάννης Μουρεσίου,ΑΓ.ΙΩΑΝΝΗΣ ΠΗΛΙΟΥ,370 12,2426031137,,24260-31137
ΜΑΝΤΑΝΙΑ,"


48 Χλμ
",3,www.mantania.gr,info@mantania.gr,24320-87351,24320-87743,Καλλιρρόη,,422 00,,,24320-26650
ΜΑΡΑΜΠΟΥ,"


6 Χλμ
",2,www.marabouhotel.gr,marabou3@otenet.gr,24260-23710,24260-22807,Χορευτό,ΧΟΡΕΥΤΟ ΖΑΓΟΡΑΣ ΠΗΛΙΟΥ,370 01,2426-022808,2426-022807,24260-23720
ΜΑΡΙΑΝΘΗ,"


0.3 Χλμ
",1,,info@pelion-pagasitikos.com,24230-22545,24230-22356,Καλά Νερά,ΚΑΛΑ ΝΕΡΑ ΒΟΛΟΥ,370 10,,,24230-22206
ΜΑΡΙΝΑ,"


8 Χλμ
",1,www.eleana-marina.gr,info@eleana-marina.gr,24260-31239,24260-31097,Άγιος Ιωάννης Μουρεσίου,ΑΓΙΟΣ ΙΩΑΝΝΗΣ ΠΗΛΙΟΥ,370 12,2421-060704,,
ΜΑΡΙΝΑ ΚΟΛΙΟΣ,"


6 Χλμ
",2,,aggeliki.k@hotmail.com,24270-49348,,Σκιάθος,,370 02,2427-022553,,
ΜΑΡΙΤΣΑΣ ΟΤΕΛ ΣΟΥΙΤΕΣ,"


10 Χλμ
",5,www.maritsas.gr,maritsassuite@yahoo.gr,24280-99500,24280-99564,Πορταριά,ΠΟΡΤΑΡΙΑ ΠΗΛΙΟΥ,370 11,,,
ΜΑΡΛΤΟΝ,"


0.3 Χλμ
",2,http://www.hotelmarlton.com/,aibaliotisd@msn.com,24270-22552,24270-22552,Σκιάθος,ΣΚΙΑΘΟΣ,370 02,2427-022878,2427-022878,
ΜΑΡΠΟΥΝΤΑ,"


2 Χλμ
",4,www.santikoshotels.com,accounting@santikoscollection.com,24240-65212,24240-65582,Πατητήρι,ΜΑΡΠΟΥΝΤΑ,370 05,21-06196980,21-06197764,
ΜΑΡΩ,"


8 Χλμ
",3,www.pelion-hotelmaro.gr,marohotel@gmail.com,24260-31282,24260-31136,Άγιος Ιωάννης Μουρεσίου,ΑΓ.ΙΩΑΝΝΗΣ ΠΗΛΙΟΥ,370 12,2421-031221,2421-031224,24260-31475
ΜΑΤΖΙΚ,"


6 Χλμ
",4,www.magic-hotel.com,magic-gr@otenet.gr,24270-49453,24270-49454,Σκιάθος,ΑΓ.ΠΑΡΑΣΚΕΥΗ ΣΚΙΑΘΟΥ,370 02,2427-029190,,
ΜΑΤΩ,,2,http://matoskiathos.gr,,24270-22186,2427023105,Σκιάθος,25ΗΣ ΜΑΡΤΙΟΥ,370 02,,,24270-22187
ΜΕΓΑΣ ΑΛΕΞΑΝΔΡΟΣ,"


0.5 Χλμ
",2,www.hotel-megasalexandros.gr,asoulis1978@yahoo.gr,24280-76752,24280-77440,Νέα Αγχίαλος,ΠΑΡΑΣΚΕΥΟΠΟΥΛΟΥ 2,374 00,,,
ΜΕΓΔΟΒΑΣ,"


0.5 Χλμ
",2,www.megdovas.gr,info@megdovas.gr,24410-92377,24410-92342,Καλύβια,ΚΑΛΥΒΙΑ ΠΕΖΟΥΛΑΣ ΚΑΡΔΙΤΣΑ,430 67,6978-323311,,24410-92387
ΜΕΛΑΘΡΟ ΜΑΓΝΑΥΡΑΣ,"


0.3 Χλμ
",2,www.hotel-alexiou.gr,info@hotel-alexiou.gr,24950-91210,24950-91210,Στόμιο,ΣΤΟΜΙΟ ΛΑΡΙΣΗΣ,400 07,2495-091210,2495-091210,24950-91341
ΜΕΛΑΝΘΗ,,4,www.melanthi.gr,info@melanthi.gr,24280-99977,,Μακρινίτσα,ΜΑΚΡΙΝΙΤΣΑ,370 11,6948062297,,
ΜΕΛΙΒΟΙΑ ΜΠΗΤΣ,"


0.5 Χλμ
",2,,m18v26g69@yahoo.gr,2410-256710,2410-256710,Βελίκα,ΜΕΛΙΒΟΙΑΣ,400 03,2410-256710,,6979050804
ΜΕΛΤΕΜΙ,"


0.5 Χλμ
",3,www.meltemiskiathos.gr,res@meltemiskiathos.gr,24270-22493,,Σκιάθος,ΣΚΙΑΘΟΣ,370 02,2427-022493,2427-021293,2428096402
ΜΕΣΟΓΕΙΑΚΟ,"


6 Χλμ
",3,,,24240-65765/7,,Πατητήρι,ΑΛΟΝΝΗΣΟΣ (ΒΥΘΙΣΜΑ),370 05,2424-065070,,065113
ΜΕΤΕΩΡΑ,"


0.5 Χλμ
",1,www.hotel-meteora.blogspot.com,dimgekas@gmail.com,24320-22367,24320-75550,Καλαμπάκα,ΠΛΟΥΤΑΡΧΟΥ 14,422 00,,,
ΜΕΤΕΩΡΑ,"


0.1 Χλμ
",2,www.loutra-smokovou.gr,info@loutra-smokovou.gr,24430-61281,24430-61178,Λουτρά Σμοκόβου,,430 63,2443-061210,2443-061178,
ΜΕΤΕΩΡΑ ΙΙ,,4,www.meteorahotels.com,info@meteorahotels.com,24320-78180,24320-78182,Καστράκι,ΚΑΣΤΡΑΚΙ ΚΑΛΑΜΠΑΚΑΣ,422 00,,,
ΜΕΤΕΩΡΑ ΣΕΝΤΡΑΛ ΧΟΣΤΕΛ,,0,,meteoracentral@gmail.com,2432077395,,Καλαμπάκα,ΤΡΙΚΑΛΩΝ  86,42200,,,
ΜΕΤΕΩΡΙΤΗΣ,"


3 Χλμ
",3,www.meteoritis.com,info@meteoritis.com,6957092818,24320-78402,Καστράκι,ΚΑΣΤΡΑΚΙ ΚΑΛΑΜΠΑΚΑΣ,422 00,6957092818,,24320-78403
ΜΕΤΡΟΠΟΛ,"


1 Χλμ
",3,www.hotelmetropol.gr,info@hotelmetropol.gr,2410-537161,2410-255242,Λάρισα,ΡΟΥΖΒΕΛΤ 14,412 22,,,2410-537165
ΜΙΚΡΗ ΑΡΚΤΟΣ,"


32 Χλμ
",2,www.mikriarktos.com.gr,info@mikriarktos.com,24340-71777,,Ελάτη,ΕΛΑΤΗ ΤΡΙΚΑΛΩΝ,420 32,6974891414,,
ΜΙΝΕΛΣΚΑ,,4,www.minelska.gr,info@minelska.gr,24230-22990,24230-22172,Καλά Νερά,ΚΑΛΑ ΝΕΡΑ Ν. ΜΑΓΝΗΣΙΑΣ,370 10,,,
ΜΙΡΑ ΜΑΡΕ,"


0.4 Χλμ
",3,,miramare_skiathos@yahoo.com,24270-21048,,Σκιάθος,ΜΕΓ.ΑΜΜΟΣ ΣΚΙΑΘΟΥ,370 02,21-02713910,21-02713910,
ΜΟΝΤΑΝΕΜΑ ΒΗΤΑ,,4,www.montanema.gr,info@montanema.gr,2445045220,2445045209,Ανθοχώρι,,43060,,,2445045220
ΜΟΝΤΑΝΕΜΑ ΧΑΝΤΜΕΪΝΤ ΒΙΛΛΑΤΖ,,4,www.montanema.gr,info@montanema.gr,6947275714,,Ανθοχώρι,,430 60,,,2445045220
ΜΟΝΤΑΝΙΑ ΒΕΡΝΤΕ,,3,www.hotelmontagnaverde.gr,info@hotelmontagnaverde.gr,24280-99757,24280-99727,Πορταριά,ΠΟΡΤΑΡΙΑ,370 11,,,
ΜΟΡΦΙΑ,"


8 Χλμ
",2,www.hotelmorfia.gr,info@hotelmorfia.gr,24270-49367,24270-49485,Σκιάθος,,370 02,2427-023649,2427-049485,
ΜΟΥΖΑΚΙ,"


0.5 Χλμ
",4,www.mouzakipalace.com,info@mouzakipalace.com,24450-43450/3,24450-43454,Μουζάκι,ΜΟΥΖΑΚΙ ΚΑΡΔΙΤΣΑΣ,430 60,,,
ΜΟΥΡΙΑ,,1,,mouria1@hotmail.com,24270-21193,,Σκιάθος,ΠΑΠΑΔΙΑΜΑΝΤΗ  &  ΣΥΓΓΡΟΥ,370 02,,,
ΜΟΥΣΕΣ,"


10 Χλμ
",3,,maria.karoumpa@hotmail.com,24270-49438/9,,Σκιάθος,ΚΟΥΚΟΥΝΑΡΙΕΣ ΣΚΙΑΘΟΥ,370 02,6974989435,,6974989435
ΜΠΑΛΛΑΣ,"


6 Χλμ
",1,www.hotelballas.gr,info@hotelballas.gr,24280-92926,24280-92926,Αγριά,ΑΓΡΙΑ ΒΟΛΟΥ,373 00,,,
ΜΠΑΜΠΑΝΑΡΑ,"


0.4 Χλμ
",2,,hotelbab@windowslive.com,24340-22325,24340-22242,Πύλη,ΕΡΜΟΥ 6,420 32,,,
ΜΠΑΜΠΗΣ,"


0.5 Χλμ
",1,,babispansion@gmail.com,24270-21968,24270-21144,Σκιάθος,ΚΟΤΡΩΝΙ ΣΚΙΑΘΟΥ,370 02,,,24270-21144
ΜΠΕΛΙΝΑ,,4,https://belinahotelportaria.gr/,belinahotel@gmail.com,2428099890,2428099049,Πορταριά,ΠΟΡΤΑΡΙΑ ΜΑΓΝΗΣΙΑΣ,370 11,,,2428099049
ΜΠΕΛΤΣΙΟΣ,"


7 Χλμ
",1,www.beltsioshotel.com,info@beltsioshotel.com,24270-49417,24270-49571,Σκιάθος,,370 02,2427-049417,2427-049571,
ΜΠΕΜΠΗΣ,,3,www.bebis.gr,ompempis@hotmail.com,2494052821,,Κουτσουπιά,,40003,,,
ΜΠΛΩ,,2,,kehriotism@gmail.com,24240-23397,24240-23397,Πάνορμος,,370 03,,,24240-22552
ΜΠΟΥΡΤΖΙ,"


0.2 Χλμ
",4,www.hotelbourtzi.gr,reservation@hotelbourtzi.gr,24270-21304,24270-23243,Σκιάθος,ΣΚΙΑΘΟΣ,370 02,2427-021304,2427-023243,24270-22321
ΜΥΘΟΣ,,2,,info@mythosstudios.gr,24270-49661,,Σκιάθος,,370 02,,,24270-49662
ΜΥΛΟΣ,"


4 Χλμ
",3,www.hotelmylos.gr,info@hotelmylos.gr,24230-91192,,Αγία Κυριακή,ΑΓΙΑ ΚΥΡΙΑΚΗ ΜΑΓΝΗΣΙΑΣ,370 09,,,24230-91492
ΜΥΡΟΒΟΛΙ,"


30 Χλμ
",2,www.mirovolihotel.gr,angavardi@gmail.com,24230-86886,,Μηλιές,ΜΗΛΙΕΣ ΜΑΓΝΗΣΙΑΣ,370 10,,,
ΜΥΣΤΙΚΟ ΤΟΥ ΒΟΥΝΟΥ,"


25 Χλμ
",4,www.mountainsecret.gr,info@mountainsecret.gr,24260-48942,2102851207,Μουρέσι,ΜΟΥΡΕΣΙ Ν.ΜΑΓΝΗΣΙΑΣ,370 12,,,
ΜΥΤΙΚΑΣ,"


0.1 Χλμ
",1,,lanari@lanari.gr,24930-41210,24930-41121,Λιβάδι,,400 02,,,
ΝΑΙΑΔΕΣ,"


34 Χλμ
",4,www.naiades.gr,info@naiades.gr,24410-93333,24410-93173,Νεοχώρι,ΝΕΟΧΩΡΙ ΚΑΡΔΙΤΣΑΣ,430 67,,,93380
ΝΑΡΚΙΣΟΣ,"


12 Χλμ
",2,narkissos.businessclub.gr,skopelosmarine@gmail.com,24240-23381,24240-23737,Πάνορμος,ΠΑΝΟΡΜΟΣ ΣΚΟΠΕΛΟΥ,370 03,2424-024687,,24240-23382
ΝΑΤΟΥΡΑ ΛΑΞΟΥΡΥ ΞΕΝΟΔΟΧΕΙΟ ΣΚΟΠΕΛΟΣ,,5,www.naturahotels.gr,info@naturahotels.eu,6941477545,2424033697,Λουτράκι,,37003,,,
ΝΕΒΡΟΣ,"


5 Χλμ
",4,www.nevros.gr,nevros@otenet.gr,24410-93201,,Νεοχώρι,ΝΕΟΧΩΡΙ ΚΑΡΔΙΤΣΑΣ,430 67,,,
ΝΕΟΝ,"


1.5 Χλμ
",1,,,2410-554111,,Λάρισα,ΠΛΑΤΕΙΑ ΟΣΕ,412 23,,,
ΝΕΦΕΛΗ,"


0.5 Χλμ
",3,www.nefelivolos.gr,info@nefelivolos.gr,24210-30211/3,24210-35616,Βόλος,ΚΟΥΜΟΥΝΔΟΥΡΟΥ 10,382 21,,,
ΝΗΡΗΙΔΕΣ,"


2 Χλμ
",2,www.nereides.gr,hotelnereides@gmail.com,6944580044,24240-66434,Πατητήρι,,370 05,2424-066096,,24240-65644
ΝΙΑΒΗΣ,"


0.2 Χλμ
",2,,,24340-91201,24340-91281,Νεραϊδοχώρι,ΝΕΡΑΙΔΟΧΩΡΙ ΤΡΙΚΑΛΩΝ,420 32,,,24340-91281
ΝΙΡΒΑΝΑ,,1,,lakisvardakis@hotmail.gr,24230-22205,24230-22205,Καλά Νερά,,370 10,,,
ΝΤΑΜΟΥΧΑΡΗ,"


7 Χλμ
",2,,damouchari@hotmail.com,24260-49840,24260-49840,Νταμούχαρη,ΝΤΑΜΟΥΧΑΡΗ ΠΗΛΙΟΥ,370 12,2426-049840,2426-049840,24260-49841
ΝΤΕΛΛΑΣ,"


0.7 Χλμ
",3,www.dellasboutiquehotel.com,info@dellasboutiquehotel.com,24320-78260,2432078261,Καστράκι,ΝΕΟΧΩΡΙ ΚΑΣΤΡΑΚΙΟΥ ΚΑΛΑΜΠΑΚΑΣ,422 00,,,
ΝΤΕΝΙΖ,"


0.15 Χλμ
",2,www.denise.gr,info@denise.gr,24240-22678,24240-22769,Σκόπελος,ΣΚΟΠΕΛΟΣ,370 03,21-06831272,,24240-23393
ΝΤΙΝΑ,"


0.8 Χλμ
",3,www.ntinashotel.gr,info@ntinashotel.gr,24310-74777,24310-29490,Τρίκαλα,ΑΣΚΛΗΠΙΟΥ & ΚΑΡΑΝΑΣΙΟΥ 1,421 00,,,
ΝΤΟΥΠΙΑΝΗ ΧΑΟΥΖ,"


2 Χλμ
",3,www.doupianihouse.com,info@doupianihouse.com,2432075326,2432024078,Καστράκι,,422 00,,,2432077555
ΞΕΝΙΑ,"


0.2 Χλμ
",5,www.domotel.gr,xeniavolou@domotel.gr,24210-92740,24210-92800,Βόλος,ΠΛΑΣΤΗΡΑ 1,382 22,2421-092721,2421-092888,24210-92700
ΞΕΝΙΑ ΠΑΛΛΑΣ ΠΟΡΤΑΡΙΑΣ,"


13 Χλμ
",4,www.xeniaportarias.gr,info@xeniaportarias.gr,24280-99980,24280-99526,Πορταριά,ΠΟΡΤΑΡΙΑ ΒΟΛΟΥ ΜΑΓΝΗΣΙΑΣ,370 11,,,24280-99983
ΞΕΝΟΔΟΧΕΙΟ ΜΕΤΟΧΙ,,3,,info@hotelmetoxi.gr,24950-71150,24950-71300,Σπηλιά,ΣΠΗΛΙΑ ΛΑΡΙΣΑΣ,400 06,,,
ΞΕΝΩΝ ΚΑΣΤΑΝΙΑΣ,"


0.5 Χλμ
",2,,xrhstosdiamanths@yahoo.gr,24410-94155,24410-94454,Καστανιά,,431 00,,,24410-94855
ΞΕΝΩΝΑΣ ΤΩΝ ΧΡΩΜΑΤΩΝ-ΣΥΛΛΟΓΗ ΧΡ. ΦΩΤΟΥ,,4,,fotuarthotel@gmail.com,24230-65225,24210-71143,Λαύκος,ΛΑΥΚΟΣ ΜΑΓΝΗΣΙΑΣ,370 06,,,
ΞΥΛΙΝΟ ΧΩΡΙΟ,"


20 Χλμ
",3,www.xilinohorio.gr,info@xilinohorio.gr,2432-300370,210-5771866,Χρυσομηλιά,ΒΡΥΣΟΥΛΑ ΧΡΥΣΟΜΗΛΙΑΣ ΤΡΙΚΑΛΩΝ,422 00,21-05759746,,2105771866
ΟΔΟΣ ΚΕΝΤΑΥΡΩΝ,"


1.5 Χλμ
",2,www.odoskentavron.gr,odoskentavron@gmail.com,24260-49900,24260-49900,Τσαγκαράδα,,370 12,,,
ΟΔΥΣΣΕΑΣ,"


1.5 Χλμ
",2,www.odysseashotel.com,odysseashotel@gmail.com,24410-92988,24410-92992,Καλύβια,,430 67,,,24410-92001
ΟΔΥΣΣΕΙΟΝ,"


0.8 Χλμ
",4,www.theatrohotelodysseon.com,info@theatrohotelodysseon.com,2432094444,,Καλαμπάκα,ΠΑΤΡ.ΔΗΜΗΤΡΙΟΥ 54,422 00,,,
ΟΘΡΥΣ,"


25 Χλμ
",3,,,24220-94345,,Άγιος Ιωάννης,,371 00,,,
ΟΙΚΟΣΗΜΟ,"


9 Χλμ
",3,www.ikosimo.gr,info@ikosimo.gr,24230-65217,,Μηλίνα,ΜΗΛΙΝΑ ΒΟΛΟΥ,370 13,6978885765,,
ΟΛΓΑ,"


1 Χλμ
",3,users.in.gr/hotelolga,info@hotelolga.gr,24260-49651,2426049651,Μουρέσι,ΜΟΥΡΕΣΙ ΠΗΛΙΟΥ,370 12,,,
ΟΛΥΜΠΙΟΝ,"


0.3 Χλμ
",1,,,24930-22278,,Ελασσόνα,ΙΣΑΥΡΩΝ 2,402 00,,,2493023304
ΟΡΑΜΑ,"


27 Χλμ
",2,www.oramahotel.gr,info@oramahotel.gr,24410-92994,24410-92581,Κρυονέρι,,430 67,,,
ΟΡΕΑΔΕΣ ΞΕΝΟΔΟΧΕΙΟ ΣΑΚΕΛΛΑΡΗ,,3,www.oreadeselati.gr,hotel@oreadeselati.gr,2434071233,2434071232,Ελάτη,ΕΛΑΤΗ ΤΡΙΚΑΛΩΝ,420 32,,,
ΟΡΕΙΑΔΕΣ,"


4 Χλμ
",4,www.oriades.com,oriadespelion@gmail.com,24260-48898,,Μουρέσι,ΜΟΥΡΕΣΙ ΜΑΓΝΗΣΙΑΣ,370 12,,,
ΟΡΣΑ,"


0.5 Χλμ
",2,www.skiathoshotelvillaorsa.gr,info@skiathoshotelvillaorsa.gr,24270-22300,24270-21975,Σκιάθος,ΣΚΙΑΘΟΣ,370 02,21-06521989,2427-021952,24270-21890
ΟΡΦΕΑΣ,"


0.5 Χλμ
",3,www.hotel-orfeas.gr,info@hotel-orfeas.gr,24320-77444,24320-77445,Καλαμπάκα,ΠΙΝΔΟΥ 58,422 00,,,
ΟΣΤΡΙΑ,"


3 Χλμ
",2,www.stafylos-suites.gr,stafylossuites@otenet.gr,24240-22220,,Σκόπελος,ΣΚΟΠΕΛΟΣ,370 03,2424-022220,,2424023236
ΟΣΤΡΙΑ,,2,www.hotelostria.gr,reservations@hotelostria.gr,24270-23589,24270-49549,Σκιάθος,,370 02,2427-023589,,24270-49549
ΠΑΛΗΟ ΕΛΑΙΟΤΡΙΒΕΙΟ,"


0.01 Χλμ
",4,www.palioeleotrivio.gr,info@palioeleotrivio.gr,24280-96481,24280-96482,Άγιος Λαυρέντιος,ΑΓΙΟΣ ΛΑΥΡΕΝΤΙΟΣ ΜΑΓΝΗΣΙΑΣ,385 00,,,210-9837971
ΠΑΛΙΟΣ ΣΤΑΘΜΟΣ,"


0.5 Χλμ
",4,www.paliosstathmos.com,palios_stathmos@hotmail.com,24230-86425,24230-86736,Μηλιές,ΜΗΛΙΕΣ ΠΗΛΙΟΥ ΜΑΓΝΗΣΙΑΣ,370 10,2423-086425,,
ΠΑΛΙΡΡΟΙΑ,"


0.5 Χλμ
",2,www.palirria-hotel.gr,info@palirria-hotel.gr,24230-22488,,Καλά Νερά,ΠΕΛΕΓΚΡΙΝΟ ΜΗΛΕΩΝ ΠΗΛΙΟΥ,370 10,,,
ΠΑΛΛΑΔΙΟ ΙΙ,"


13 Χλμ
",4,www.palladiohotel.gr,palladiohotel@gmail.com,24280-90118,24280-99668,Πορταριά,ΠΟΡΤΑΡΙΑ ΜΑΓΝΗΣΙΑΣ,370 11,,,
ΠΑΛΛΑΔΙΟΝ,"


13 Χλμ
",3,www.palladiohotel.gr,palladiohotel@gmail.com,24280-90118,24280-99668,Πορταριά,ΠΟΡΤΑΡΙΑ ΠΗΛΙΟΥ ΜΑΓΝΗΣΙΑΣ,370 11,,,
ΠΑΝΔΙΩΝ,"


12 Χλμ
",3,www.pandion.gr,info@pandion.gr,24410-93440,24410-93443,Νεοχώρι,ΝΕΟΧΩΡΙ ΚΑΡΔΙΤΣΑΣ,430 67,,,
ΠΑΝΔΩΡΑ,"


12 Χλμ
",4,www.pandoramansion.gr,info@pandoramansion.gr,24280-99404,24280-90113,Μακρινίτσα,ΜΑΚΡΥΝΙΤΣΑ ΠΗΛΙΟΥ,370 11,,,
ΠΑΝΕΛΛΗΝΙΟΝ,"


0.6 Χλμ
",4,www.hotelpanellinion.com,hotelpanellinion@yahoo.gr,2431073545,2431027350,Τρίκαλα,ΒΑΣ.ΟΛΓΑΣ 2,421 00,,,2431073035
ΠΑΝΘΕΟΝ,"


1 Χλμ
",1,,pantheon51@outlook.com,2410-234810,2410-234810,Λάρισα,ΠΛΑΤΕΙΑ ΟΣΕ 4,412 22,,,
ΠΑΝΘΕΟΝ,"


0.05 Χλμ
",1,www.hotel-Ρatheon.gr,pantheon-alonisos@hotmail.com,24240-65139,24240-66194,Πατητήρι,ΠΑΤΗΤΗΡΙ ΑΛΟΝΝΗΣΟΥ,370 05,2424-065958,2424-066194,24240-65958
ΠΑΝΟΡΑΜΑ,"


25 Χλμ
",2,www.afissos-panorama.gr,xaralampos.aivazis@gmail.com,2423033373,2310534267,Άφυσσος,ΑΦΗΣΣΟΣ ΠΗΛΙΟΥ,370 10,2310511837,,2310511837
ΠΑΝΟΡΑΜΑ,"


0.3 Χλμ
",3,www.panoramastomio.gr,booking@panoramastomio.gr,24950-91345,24105002483,Στόμιο,ΣΤΟΜΙΟ ΛΑΡΙΣΑΣ,400 07,6934-999097,2492-025458,6934-999097
ΠΑΝΟΡΑΜΑ,"


12 Χλμ
",4,www.hotel-panorama.net,info@hotel-panorama.net,24270-49382,24270-49383,Σκιάθος,ΚΟΥΚΟΥΝΑΡΙΕΣ ΣΚΙΑΘΟΥ,370 02,2434-051813,,24270-49544
ΠΑΝΟΡΑΜΑ,"


22 Χλμ
",3,www.zampakashotel.gr,zampakas-hotel@hotmail.com,24340-93000,24340-93470,Στουρναραίικα,ΣΤΟΥΡΝΑΡΑΙΚΑ ΤΡΙΚΑΛΩΝ,420 32,,,
ΠΑΝΟΡΑΜΑ,"


1.5 Χλμ
",2,hotelpanorama-mouzaki.gr,panoramamouzaki@yahoo.gr,2445041313,24450-49015,Μουζάκι,,430 60,,,
ΠΑΝΟΡΜΟΣ ΜΠΗΤΣ ΣΚΟΠΕΛΟΣ,"


11 Χλμ
",2,www.panormos-beach.com,angelosfalcos@gmail.com,6980720810,24240-23366,Πάνορμος,ΠΑΝΟΡΜΟΣ ΣΚΟΠΕΛΟΥ,370 03,2421-049296,2424-023366,
ΠΑΝΤΕΛΗΣ,"


0.1 Χλμ
",1,,,24240-22306,,Σκόπελος,ΣΚΟΠΕΛΟΣ,370 03,2421-047448,,
ΠΑΝΤΕΛΙΔΑΚΗ,"


1 Χλμ
",3,www.divanitrikala.gr,padelidakis2016@gmail.com,24310-27286,24310-20519,Τρίκαλα,ΔΙΟΝΥΣΙΟΥ 13,421 00,,,24310-26915
ΠΑΠΑΝΑΣΤΑΣΙΟΥ,"


13 Χλμ
",2,www.hotelpapanastasiou.gr,info@hotelpapanastasiou.gr,24340-71280,24340-71153,Ελάτη,ΕΛΑΤΗ ΤΡΙΚΑΛΩΝ,420 32,,,24340-71150
ΠΑΡΑΔΕΙΣΟΣ,,2,www.paradisoshotel.gr,info@paradisoshotel.gr,24260-49209,24260-49008,Τσαγκαράδα,ΤΣΑΓΚΑΡΑΔΑ ΠΗΛΙΟΥ,370 12,,,
ΠΑΡΑΔΕΙΣΟΣ,"


0.3 Χλμ
",3,www.paradise-hotel.gr,info@paradise-hotel.gr,24240-65160,24240-65161,Πατητήρι,ΑΛΟΝΝΗΣΟΣ,370 05,24240-65658,24240-65806,24240-65213
ΠΑΡΑΔΕΙΣΟΣ,"


3 Χλμ
",3,www.paradiseholidays.gr,info@paradiseholidays.gr,24270-21939,24270-23346,Σκιάθος,ΣΚΙΑΘΟΣ,370 02,2433-031065,,24270-23201
ΠΑΡΑΔΟΣΙΑΚΟΣ ΞΕΝΩΝ ΤΗΣ ΜΑΡΙΩΣ,"


8 Χλμ
",4,,traditional.tismarios@gmail.com,24280-99535,,Πορταριά,ΠΟΡΤΑΡΙΑ ΠΗΛΙΟΥ,370 11,,,
ΠΑΡΚ,"


1 Χλμ
",4,www.amhotels.gr,parkhotelvolos@amhotels.gr,24210-36511,24210-28645,Βόλος,ΔΕΛΗΓΙΩΡΓΗ 2,382 21,,,24210-36512
ΠΑΡΚ,"


0.4 Χλμ
",4,www.parkhotellarisa.gr,reserve@parkhotellarisa.gr,2410-257071,2410-257071,Λάρισα,31ΗΣ ΑΥΓΟΥΣΤΟΥ 1,412 21,,,2410-257074
ΠΕΛΙΑΣ,"


12 Χλμ
",2,www.peliashotel.gr,info@hotelpelias.gr,24280-99290,24280-99840,Πορταριά,ΠΟΡΤΑΡΙΑ ΠΗΛΙΟΥ,370 11,,,24280-99840
ΠΕΝΤΑΝΕΜΙ,,3,,,24260-49049,,Τσαγκαράδα,ΤΣΑΓΚΑΡΑΔΑ,370 12,,,
ΠΕΤΙΤ ΜΟΡΦΩ,"


0.2 Χλμ
",1,,maryliti@yahoo.gr,24270-21737,24270-24507,Σκιάθος,ΣΚΙΑΘΟΣ,370 02,2427-023663,,
ΠΕΤΡΑΔΙ,,3,www.petradihotel.com,info@kouklouberis.gr,24230-55590,,Καλαμάκι,ΚΑΛΑΜΑΚΙ ΜΑΓΝΗΣΙΑΣ,370 10,,,
ΠΕΤΡΙΝΟ,"


1 Χλμ
",2,www.petrino-pelion.gr,petrino.pelion@gmail.com,24280-99966,24280-99988,Μακρινίτσα,ΜΑΚΡΥΝΙΤΣΑ ΠΗΛΙΟΥ,370 11,,,
ΠΕΤΡΙΝΟ,"


2 Χλμ
",5,www.petrino.gr,info@petrino.gr,2432078105,24320-78106,Καστράκι,ΚΑΣΤΡΑΚΙ ΚΑΛΑΜΠΑΚΑΣ,422 00,,,
ΠΗΓΑΣΟΣ,"


0.5 Χλμ
",2,www.pegasuskalanera.gr,info@pegasuskalanera.gr,24230-23111,24230-23112,Καλά Νερά,ΚΑΛΑ ΝΕΡΑ ΠΗΛΙΟΥ,370 10,,,24230-22254
ΠΗΛΙΟ ΧΟΛΙΝΤΕΗ ΚΛΑΜΠ,"


3 Χλμ
",4,www.pilioholidayclub.gr,info@pilioholidayclub.gr,2426049577,2426049933,Τσαγκαράδα,ΜΥΛΟΠΟΤΑΜΟΣ,370 12,,,
ΠΗΛΙΟΝ ΘΕΡΕΤΡΟ,"


12 Χλμ
",4,www.pelionresort.gr,info@pelionresort.gr,24280-99990,24280-99904,Πορταριά,ΚΑΡΑΒΟΣ ΠΟΡΤΑΡΙΑΣ,370 11,,,24280-99930
ΠΗΛΙΟΝ ΤΕΡΡΑ-ΓΗ ΤΟΥ ΠΗΛΙΟΥ,,3,pilionterra.gr,info@pilionterra.gr,24280-99799,24280-99792,Πορταριά,ΘΕΣΗ ΑΓ.ΚΩΝΣΤΑΝΤΙΝΟΣ,370 11,,,
ΠΙΝΑΚΩΤΗ ΡΗΓΑ,,3,www.pinakotilodge.gr,info@pinakotilodge.gr,2423086912,,Πινακάτες,ΠΙΝΑΚΑΤΕΣ ΜΑΓΝΗΣΙΑΣ,370 10,,,
ΠΙΝΔΟΣ,"


0.1 Χλμ
",1,www.loutra-smokovou.gr,info@loutra-smokovou.gr,24430-61210,24430-61178,Λουτρά Σμοκόβου,ΡΕΝΤΙΝΑ,430 68,,,24430-61330
ΠΛΑΖΑ,"


5 Χλμ
",3,www.plaza.gr,plaza@plaza.gr,24270-21971/4,24270-22109,Σκιάθος,ΚΑΝΑΠΙΤΣΑ ΣΚΙΑΘΟΥ,370 02,2427-021971/4,2427-022109,
ΠΛΑΤΑΝΙΑ,"


29 Χλμ
",1,,gaitanas_m@yahoo.gr,24230-71240,24230-71266,Πλατανιάς,,370 06,2423-071240,2423-071266,
ΠΛΑΤΑΝΙΔΙΑ,"


1 Χλμ
",2,,platanidiahotel@gmail.com,24280-93625,,Πλατανίδια,ΠΛΑΤΑΝΙΔΙΑ ΑΝΩ ΛΕΧΩΝΙΩΝ,385 00,,,
ΠΛΕΙΑΔΕΣ,"


28 Χλμ
",3,www.pelionpleiadeshotel.gr,info@pelionpleiadeshotel.gr,24280-74211,24280-74211,Χάνια,,370 11,6945583131,,6945583131
ΠΟΘΟΣ,"


0.3 Χλμ
",2,www.pothoshotel.com,info@pothoshotel.com,2427022694,24270-23243,Σκιάθος,ΣΚΙΑΘΟΣ,370 02,,,2427022321
ΠΟΡΤΑΡΙΑ,"


13 Χλμ
",4,www.portariahotel.gr,info@portariahotel.gr,2428090000,2428099066,Πορταριά,ΠΟΡΤΑΡΙΑ,370 11,,,2428099893
ΠΟΥΝΤΑ,"


2 Χλμ
",4,,vandatr@otenet.gr,24270-22850,24270-21801,Σκιάθος,ΠΟΥΝΤΑ ΣΚΙΑΘΟΥ,370 02,2427-021800,2427-021802,
ΠΡΙΓΚΗΠΑΣ ΣΤΑΦΥΛΟΣ,"


0.7 Χλμ
",4,www.princestafilos.gr,info@princestafilos.gr,2424022775,2424022825,Σκόπελος,ΛΕΙΒΑΔΙ ΣΚΟΠΕΛΟΥ,370 03,2431070275,2431073111,2424022744
ΠΡΩΤΕΣΙΛΑΟΣ,"


18 Χλμ
",2,www.protessilaos.com,info@protessilaos.com,24280-78780,24280-77551,Νέα Αγχίαλος,ΝΕΑ ΑΓΧΙΑΛΟΣ ΜΑΓΝΗΣΙΑΣ,374 00,,,24280-76310
ΠΥΛΗ,"


2 Χλμ
",2,www.pylihotel.gr,info@pylihotel.gr,24340-23191,,Πύλη,ΠΥΛΗ ΤΡΙΚΑΛΩΝ,420 32,,,
ΠΥΡΑΣΣΟΣ,"


0.5 Χλμ
",1,www.hotelpyrassos.gr,pyrassos@gmail.com,24280-76256,24280-76925,Νέα Αγχίαλος,ΚΑΣΝΕΤΗ 36,374 00,,,24280-76449
ΠΥΡΓΟΣ ΑΔΡΑΧΤΙ,"


2 Χλμ
",3,www.hotel-adrachti.gr,info@hotel-adrachti.gr,24320-22275,24320-22219,Καλαμπάκα,ΚΑΛΑΜΠΑΚΑ,422 00,,,
ΡΕΑ,"


0.6 Χλμ
",2,www.reaskiathos.gr,rea1htl@otenet.gr,2427023065,24270-22480,Σκιάθος,ΜΕΓΑΛΗ ΑΜΜΟΣ ΣΚΙΑΘΟΥ,370 02,6997076817,2427-022480,
ΡΕΓΓΙΝΑ,"


0.2 Χλμ
",2,,vainasaccom@gmail.com,24240-22138,24240-24748,Σκόπελος,ΣΚΟΠΕΛΟΣ,370 03,21-09230515,2424-022228,24240-22228
ΡΕΝΕ,"


0.5 Χλμ
",2,www.hotelrene.gr,hotelrene@gmail.com,24270-23557,,Σκιάθος,ΦΤΕΛΙΑ ΣΚΙΑΘΟΥ,370 02,6977-594300,,
ΡΕΞ,"


1 Χλμ
",3,www.hotelrex.gr,info@hotelrex.gr,24320-22042,24320-22372,Καλαμπάκα,ΠΑΤΡ. ΔΗΜΗΤΡΙΟΥ 11,422 00,2432022042,2432022372,24320-25362
ΡΗΓΑΣ,"


0.5 Χλμ
",3,www.skopeloshotels.eu,rigas@skopeloshotels.eu,24240-22618,24240-22350,Σκόπελος,ΣΤΑΦΥΛΟΥ,370 03,2424-022618,2424-022770,24240-22142
ΡΟΔΙΑ,"


0.5 Χλμ
",2,www.hotel-rodia.gr,rodiada@otenet.gr,24230-22070,24230-22566,Καλά Νερά,ΚΑΛΑ ΝΕΡΑ ΜΑΓΝΗΣΙΑΣ,370 10,,,24230-22544
ΡΟΥΜΕΛΗ,"


18 Χλμ
",1,,roumelihotel@gmail.com,24230-222217,24230-22068,Καλά Νερά,ΚΑΛΑ ΝΕΡΑ ΠΗΛΙΟΥ,370 10,,,
ΡΟΥΣΣΑΣ,"


0.05 Χλμ
",1,,roussaki14@gmail.com,24210-21732,,Βόλος,ΙΑΤΡΟΥ ΤΖΑΝΟΥ 1,382 22,,,
ΣΑΪΛΥ ΜΠΗΤΣ,"


20 Χλμ
",2,www.saily.gr,info@saily.gr,24230-22044,24230-23075,Κορόπη,ΚΟΡΩΠΗ ΜΗΛΕΩΝ ΜΑΓΝΗΣΙΑΣ,370 10,2421-033213,2423-023075,24230-22841
ΣΑΜΠΟΥΚΟ,,4,www.sabouko.gr,aspakr@gmail.com,2423086717,,Βυζίτσα,,37010,,,
ΣΕΒΙΛΛΗ,"


10 Χλμ
",2,www.sevilli.gr,sevilli@otenet.gr,24260-31238,24260-31122,Άγιος Ιωάννης Μουρεσίου,ΑΓΙΟΣ ΙΩΑΝΝΗΣ ΠΗΛΙΟΥ,370 12,,,
ΣΕΙΡΙΟΣ,"


2.8 Χλμ
",4,www.seiriosmansion.gr,info@seiriosmansion.gr,24230-86807,24230-86804,Βυζίτσα,ΒΥΖΙΤΣΑ ΜΑΓΝΗΣΙΑΣ,370 12,,,
ΣΕΛΗΝΟΥΝΤΑ,"


0.5 Χλμ
",2,www.hotelselenunda.com,info@hotelselenunda.com,24240-34073,24240-34093,Λουτράκι,ΛΟΥΤΡΑΚΙ ΣΚΟΠΕΛΟΥ,370 04,,,
ΣΕΛΙΝΑ ΠΗΛΙΟ,,0,www.arhontikasalti.com,eleni.doura@gmail.com,24280-99873,24280-99873,Μακρινίτσα,ΠΟΡΤΑΡΙΑ ΜΑΓΝΗΣΙΑΣ,370 11,,,
ΣΕΡΑΝΙΔΕΣ,"


0.05 Χλμ
",2,http://seranides.gr,info@seranides.gr,24230-29150,,Κάτω Γατζέα,,385 00,,,
ΣΚΙΑΘΟΣ ΚΛΑΜΠ,"


3 Χλμ
",4,www.skiathosclub.gr,info@skiathosclub.gr,24270-23956/8,24270-23970,Σκιάθος,ΣΚΙΑΘΟΣ -ΠΕΡΙΟΧΗ ΚΑΤΣΑΡΟΥ,370 02,2421-059850,2421-031224,
ΣΚΙΑΘΟΣ ΜΠΛΟΥ,"


5 Χλμ
",4,www.skiathosblu.gr,accounts@nostosselect.gr,2427022520,24270-22525,Σκιάθος,ΣΚΙΑΘΟΣ,370 02,,21-03614667,2103614661
ΣΚΙΑΘΟΣ ΠΑΛΛΑΣ,"


10 Χλμ
",5,www.skiathos-palace.gr,reservations@skiathos-palace.gr,24270-49700,24270-49666,Σκιάθος,ΚΟΥΚΟΥΝΑΡΙΕΣ,370 02,21-03242152,21-03233667,210-3242152
ΣΚΙΑΘΟΣ ΠΡΕΜΙΕΡ,,4,,skiathospremier@gmail.com,24270-49590,,Σκιάθος,ΤΡΟΥΛΟΣ ΣΚΙΑΘΟΣ,370 02,,,
ΣΚΙΑΘΟΣ ΠΡΙΝΣΕΣ ΕΛΙΣΣΑΒΕΤ,"


7 Χλμ
",5,www.skiathosprincess.com,accounting@santikoscollection.com,24270-49731,24270-49740,Σκιάθος,ΣΚΙΑΘΟΣ,370 02,21-06196980,21-06197764,24270-49732
ΣΚΟΠΕΛΙΤΙΚΟ ΧΩΡΙΟ,"


0.8 Χλμ
",5,www.skopelosvillage.gr,info@skopelosvillage.gr,24240-22517,24240-22958,Σκόπελος,ΣΚΟΠΕΛΟΣ ΜΑΓΝΗΣΙΑΣ,370 03,2424-022517,231-0947393,24240-23011
ΣΚΟΠΕΛΟΣ ΔΙΑΚΟΠΕΣ,"


1.5 Χλμ
",5,www.skopelosholidays.biz,holidays@skopeloshotels.eu,24240-24301,24240-24302,Σκόπελος,ΓΥΦΤΟΛΑΚΑΣ ΣΚΟΠΕΛΟΥ,370 03,2106919111,2106910463,
ΣΟΥΖΑΝΑ,"


3 Χλμ
",2,,ckiriako1@gmail.com,24270-21055,24270-24020,Σκιάθος,ΑΧΛΑΔΙΕΣ,370 02,2427-021705,2427-021705,24270-23907
ΣΟΥΙΤΕΣ ΤΟΥ ΑΙΓΑΙΟΥ,"


1 Χλμ
",4,www.aegeansuites.com,accounting@santikoscollection.com,24270-24066,24270-24070,Σκιάθος,ΦΤΕΛΙΑ ΣΚΙΑΘΟΥ,370 02,21-06196980,21-06197764,
ΣΠΑΛΑΥΘΡΑ,"


6 Χλμ
",1,www.travel-pelion.gr,,24230-65326,,Αργαλαστή,,370 06,2423-065326,,
ΣΠΑΝΙΑΣ,"


1 Χλμ
",2,www.hotel-spanias.com,hotelspanias@gmail.com,24320-75966,24320-75303,Καστράκι,ΚΑΣΤΡΑΚΙ ΚΑΛΑΜΠΑΚΑΣ,422 00,6972-544810,,
ΣΠΙΤΙ ΜΠΟΥΝΤΟΥΡΓΙΑΝΝΗ,"


6 Χλμ
",3,,boudouhouse@yahoo.gr,24270-49280,,Τρούλλος,ΤΡΟΥΛΟΣ ΣΚΙΑΘΟΥ,370 02,2427-049280,,
ΣΠΙΤΙ ΠΡΙΓΚΙΠΙΣΣΑΣ,"


1.5 Χλμ
",2,,mskarlatou@livecity.gr,24270-22020,24270-22020,Σκιάθος,ΣΚΙΑΘΟΣ,370 02,21-04627542,,24270-24077
ΣΠΙΤΙ ΤΟΥ ΘΥΜΗ,"


0.4 Χλμ
",3,www.thymishome.gr,stay@thymishome.gr,24270-22817,24270-23072,Σκιάθος,ΜΙΑΟΥΛΗ,370 02,21-08075893,21-08075893,24270-21019
ΣΠΟΡΑΔΕΣ,,2,,,24240-22146,,Σκόπελος,ΣΚΟΠΕΛΟΣ,370 03,6932411600,,24240-22950
ΣΤΕΒΑΛΙΑ,"


9 Χλμ
",3,www.stevalia.gr,info@stevalia.gr,24280-90199,24280-99391,Κατωχώρι,ΚΑΤΗΧΩΡΙ ΜΑΓΝΗΣΙΑΣ,370 11,,,6973011111
ΣΤΕΛΛΑ,"


4 Χλμ
",1,,kiki.kalaboka@gmail.com,24210-88089,2421088610,Βόλος,ΑΛΥΚΕΣ Ν.ΠΑΓΑΣΩΝ ΒΟΛΟΥ,383 34,2421088089,2421088610,
ΣΤΕΛΛΙΝΑ,"


1 Χλμ
",2,www.hotelstellina.gr,info@hotelstellina.com,24270-21900,24270-22991,Σκιάθος,ΑΜΜΟΥΔΙΕΣ ΣΚΙΑΘΟΥ,370 02,6944-251718,,
ΣΤΟΜΙΟ ΜΠΗΤΣ,"


49 Χλμ
",2,,,2495091393,,Στόμιο,,400 07,,,
ΣΤΡΟΦΥΛΙΑ,"


11 Χλμ
",1,www.hotelstrophilia.gr,strophilia@hotelstrophilia.gr,24270-49251,24270-49585,Σκιάθος,ΚΟΥΚΟΥΝΑΡΙΕΣ ΣΚΙΑΘΟΥ,370 02,2427-024534,2427-049585,
ΣΤΩΙΚΟΣ,"


2 Χλμ
",3,www.hotelstoikos.gr,stoikoshotel@hotmail.com,24230-86406,24230-86406,Βυζίτσα,ΒΥΖΙΤΣΑ ΠΗΛΙΟΥ,370 10,,,
ΣΥΚΙΑ 2,"


17 Χλμ
",3,www.camping-sikia.gr,info@camping-sikia.gr,24230-22279,24230-22720,Κάτω Γατζέα,,385 00,2423-022279,,
ΣΥΜΠΟΛ,,3,,nikmantziris@gmail.com,2423065932,,Μηλίνα,,37013,,,
ΤΑ ΤΕΜΠΗ,"


0.05 Χλμ
",3,www.loutra-smokovou.gr,info@loutra-smokovou.gr,24430-61209,24430-61178,Ρεντίνα,ΚΟΙΝ.ΕΠΙΧ.ΛΟΥΤΡ.ΣΜΟΚΟΒΟΥ,430 68,,,24430-61022
ΤΑ ΧΕΛΙΔΟΝΑΚΙΑ,"


25 Χλμ
",5,www.pinakates.com,renders@otenet.gr,24230-86920,24230-86230,Πινακάτες,ΠΙΝΑΚΑΤΕΣ ΜΑΓΝΗΣΙΑΣ,370 10,,,86230
ΤΑΣΙΑ,"


12 Χλμ
",3,www.hoteltasia.gr,hoteltasia@gmail.com,24280-96323,24210-23119,Χάνια,,370 11,,,
ΤΕΛΗΣ,"


8 Χλμ
",2,www.hoteltelis.gr,info@hoteltelis.gr,24270-49350,24270-49430,Σκιάθος,,370 02,,,
ΤΕΣΣΕΡΙΣ ΕΠΟΧΕΣ,,3,www.4epochesalonnisos.com,info@4epochesalonnisos.com,24240-66101,24240-66161,Πατητήρι,ΣΤΕΝΗ ΒΑΛΑ,370 05,,,
ΤΗΣ ΕΛΛΗΣ,"


26 Χλμ
",4,,toniatsagarada@gmail.com,24260-49278,24260-49234,Τσαγκαράδα,ΤΣΑΓΚΑΡΑΔΑ ΜΑΓΝΗΣΙΑΣ,370 12,,,
ΤΙΤΑΓΙΟΝ,,3,www.hoteltitagion.gr,titagionhotel@windowslive.com,24410-94660,24410-94440,Άγιος Αθανάσιος,ΑΓ.ΑΘΑΝΑΣΙΟΣ ΛΑΜΠΕΡΟΥ ΚΑΡΔΙΤΣΑΣ,430 67,,,24410-94970
ΤΟ ΓΕΡΜΑΝΙΚΟ,"


6 Χλμ
",3,www.gopelion.com,ghermaniko@gopelion.com,2426031644,,Νταμούχαρη,,370 12,2310858640,,2426049872
ΤΟ ΠΕΛΑΓΟΣ,"


7 Χλμ
",2,www.topelagos.gr,gkrinakis@hotmail.gr,24260-31404,24260-31495,Άγιος Ιωάννης Μουρεσίου,ΠΑΠΑ ΝΕΡΟ,370 12,,,
ΤΟ ΦΕΓΓΑΡΙ,"


8 Χλμ
",3,,thegal@otenet.gr,24270-49262,24270-49262,Σκιάθος,,370 02,21-06825121,,
ΤΟΚΑΛΗΣ,"


0.5 Χλμ
",2,https://tokalis.com/,tokalishotel@gmail.com,24280-77577,24280-77578,Νέα Αγχίαλος,ΔΙΑΜΑΝΤΟΠΟΥΛΟΥ 1,374 00,,,
ΤΟΜΑΤΟ,"


0.5 Χλμ
",3,,ioanna@philianhotels.com,24270-21702,,Σκιάθος,ΜΕΓΑΛΗ ΑΜΜΟΣ-ΣΚΙΑΘΟΣ,370 02,,,
ΤΡΙΑΝΤΑΦΥΛΛΙΕΣ,"


0.5 Χλμ
",3,www.triantafillies.gr,info@triantafillies.gr,24280-99641,24280-99145,Πορταριά,,370 11,,,
ΤΡΟΥΛΛΟΣ ΜΠΕΙ,"


8 Χλμ
",2,www.troulosbayhotel.gr,info@troulosbayhotel.gr,24270-49390,24270-49218,Σκιάθος,ΤΡΟΥΛΟΣ ΣΚΙΑΘΟΥ,370 02,24270-49390,24270-49218,24270-49391
ΤΣΑΓΚΑΡΑΔΑ,"


1 Χλμ
",2,www.tsagaradahotel.gr,tsagkarada.gr@gmail.com,24260-49763,24260-49763,Μυλοπόταμος,ΜΥΛΟΠΟΤΑΜΟΣ ΤΣΑΓΚΑΡΑΔΑΣ,370 12,,,24260-49014
ΤΣΙΚΕΛΗ,"


2 Χλμ
",3,www.tsikelihotel.gr,tsikelihotel@hotmail.com,24320-22438,24320-77872,Καστράκι,ΚΑΣΤΡΑΚΙ ΚΑΛΑΜΠΑΚΑΣ,422 00,2432022438,2432077872,6974-414913
ΤΩΝ ΡΟΔΩΝ,"


0.02 Χλμ
",2,www.peliondesroses.gr,info@peliondesroses.gr,2423071268,24230-71268,Πλατανιάς,,370 06,2423-071268,2423-071268,6972676362
ΥΨΙΒΑΤΟΝ,,3,www.ipsivaton.gr,ipsivaton@yahoo.gr,24410-94991,24410-94144,Μούχα,ΜΟΥΧΑ,430 67,,,
ΦΑΜΙΣΗ,"


2 Χλμ
",3,famissimeteorahotels.com,hotel@famissi.gr,24320-24117,24320-24615,Καλαμπάκα,ΤΡΙΚΑΛΩΝ 103,422 00,,,24320-25090
ΦΑΜΙΣΗ ΕΔΕΜ,"


1 Χλμ
",4,famissimeteorahotels.com,hotel@famissieden.gr,24320-24445,24320-24835,Καλαμπάκα,ΚΑΛΑΜΠΑΚΑ ΤΡΙΚΑΛΩΝ,422 00,,,24320-24991
ΦΑΡΟΣ,"


7 Χλμ
",2,,danai.zerva@gmail.com,2423033293,24210-31990,Άφυσσος,ΑΦΗΣΟΣ ΜΑΓΝΗΣΙΑΣ,370 10,2421-021629,2421-031990,
ΦΑΡΟΣ,"


7 Χλμ
",2,www.pelionet.gr/faros,violetta.zodl@gmail.com,24260-49994,,Μυλοπόταμος,ΜΥΛΟΠΟΤΑΜΟΣ ΤΣΑΓΚΑΡΑΔΑΣ,370 12,,,
ΦΕΡΤΕΚΛΙΔΗ,,4,www.facebook.com/pg/%CE%9E%CE%B5%CE%BD%CF%8E%CE%BD%CE%B1%CF%82-%CE%A6%CE%B5%CF%81%CF%84%CE%B5%CE%BA%CE%BB%CE%AF%CE%B4%CE%B7-1175439092651378/about/?ref=page_internal,fertexenon@yahoo.com,6978997988,,Μακρινίτσα,,370 11,,,
ΦΙΓΑΛΙΑ,"


18 Χλμ
",1,www hotelfigalia.gr,hotelfigalia@gmail.com,24230-22074,24230-22221,Καλά Νερά,ΚΑΛΑ ΝΕΡΑ ΜΑΓΝΗΣΙΑΣ,370 10,,,24230-22221
ΦΙΛΙΠΠΟΣ,"


1.5 Χλμ
",2,www.philippos.gr,info@philippos.gr,24210-37607,24210-39550,Βόλος,ΣΟΛΩΝΟΣ 9,383 33,,,24210-37608
ΦΙΛΟΞΕΝΕΙΑ,"


0.1 Χλμ
",2,www.filoxenia-pilio.gr,chrisamilanou@gmail.com,6978023809,24280-90065,Πορταριά,ΠΟΡΤΑΡΙΑ ΠΗΛΙΟΥ,370 11,6978-023809,2428090065,6978023809
ΦΙΛΟΞΕΝΙΑ,"


5 Χλμ
",2,www.volosfiloxenia.gr,hotel.filoxenia@gmail.com,24210-88336,24210-88372,Βόλος,ΗΡΩΩΝ ΠΟΛΥΤΕΧΝΕΙΟΥ 11,383 34,,,24210-88372
ΦΙΛΟΞΕΝΙΑ,"


0.2 Χλμ
",1,,filoxenia_skiathos@yahoo.gr,24270-22239,24270-23372,Σκιάθος,,370 02,,,
ΦΙΛΥΡΑ,"


45 Χλμ
",4,www.filyrapilio.gr,andkatsi@otenet.gr,24260-49101,,Ξορύχτι,ΞΟΥΡΙΧΤΙ ΤΣΑΓΚΑΡΑΔΑΣ,370 12,21-05770136,,6946-680636
ΦΛΑΜΙΓΚΟ,"


8 Χλμ
",3,flamingohotel.gr,info@flamingohotel.gr,00302426023405,00302426022815,Χορευτό,ΧΟΡΕΥΤΟ ΜΑΓΝΗΣΙΑΣ,370 01,,,
ΧΑΒΑΗ,"


15 Χλμ
",1,,cbatsikas@gmail.com,00306982806209,,Βελίκα,ΜΕΛΙΒΟΙΑ ΒΕΛΙΚΑ,400 03,6979649252,,
ΧΑΓΙΑΤΙ,"


8 Χλμ
",2,www.hagiati.com,info@hagiati.com,2426022405,24260-23540,Χορευτό,ΧΟΡΕΥΤΟ ΠΗΛΙΟΥ,370 01,2421-022895,,24260-23540
ΧΑΜΕΝΟΣ ΜΟΝΟΚΕΡΟΣ,"


11 Χλμ
",2,www.lostunicorn.com,unicorn@otenet.gr,24260-49930,24260-49931,Τσαγκαράδα,ΤΣΑΓΚΑΡΑΔΑ ΜΑΓΝΗΣΙΑΣ,370 12,,,6979-795252
ΧΑΝΙ ΤΟΥ ΖΗΣΗ,"


24 Χλμ
",2,www.hanizisi.com,info@hanizisi.com,24280-96414,24280-96426,Χάνια,ΧΑΝΙΑ ΠΗΛΙΟΥ,370 11,,,24280-96426
ΧΑΝΙΑ,"


20 Χλμ
",3,www.pelionhotels.gr,info@pelionhotels.gr,24280-96400,24280-96421,Χάνια,ΧΑΝΙΑ ΠΗΛΙΟΥ,370 11,,,24280-96421
ΧΑΝΙΑ ΠΑΛΛΑΣ,"


20 Χλμ
",4,www.pelionhotels.gr,info@pelionhotels.gr,24280-96400,24280-96421,Χάνια,ΧΑΝΙΑ ΠΗΛΙΟΥ,370 11,,,24280-96421
ΧΑΡΑΥΓΗ,"


0.5 Χλμ
",2,www.haravgi.gr,info@haravgi.gr,24240-65090,24240-65189,Πατητήρι,ΠΑΤΗΤΗΡΙ ΑΛΟΝΝΗΣΟΥ,370 05,,,
ΧΑΡΟΥΛΑ,"


20 Χλμ
",2,www.studios-charoula.gr,info@studios-charoula.gr,24230-71255,24230-71278,Πλατανιάς,ΠΛΑΤΑΝΙΑ ΠΗΛΙΟΥ,370 06,2423-071255,2423-071278,24230-71278
ΧΛΙΔΗ,,2,,niki@foropraxis.gr,24950-92111,,Κόκκινο Νερό,ΚΟΚΚΙΝΟ ΝΕΡΟ ΛΑΡΙΣΑΣ,400 07,,,
ΧΟΒΟΛΟ,,3,www.hovoloapartments.gr,info@hovoloapartments.gr,24240-33151,24240-33150,Νέο Κλήμα,Ν.ΚΛΗΜΑ ΣΚΟΠΕΛΟΥ,370 04,2424-033153,2424-033150,24240-27915
ΧΟΛΙ ΡΟΚ,,0,,meteoraholyrock@gmail.com,2432024381,,Καλαμπάκα,ΠΑΤΡΙΑΡΧΟΥ ΔΗΜΗΤΡΙΟΥ 30,42200,,,6987101585
ΧΡΙΣΤΙΝΑ,"


0.6 Χλμ
",2,ww.hotelchristinaskiathos.gr,info@hotelchristinaskiathos.gr,24270-22747,24270-21466,Σκιάθος,ΦΙΛΟΚΛΕΟΥΣ ΓΕΩΡΓΙΑΔΟΥ 53,370 02,2427022747,,24270-21466
ΧΡΙΣΤΙΝΑ,"


0.1 Χλμ
",1,,,24950-92257,,Καρίτσα,ΚΑΡΙΤΣΑ ΛΑΡΙΣΑΣ,400 07,,,24950-92239
ΧΡΥΣΗ ΑΚΤΗ,"


12 Χλμ
",2,www.skiathosgoldenbeach.com,dsiafakas@yahoo.gr,24270-49395,24270-49500,Σκιάθος,ΚΟΥΚΟΥΝΑΡΙΕΣ ΣΚΙΑΘΟΥ,370 02,6973-353852,2428-096004,24270-49396
ΧΡΥΣΗ ΝΕΦΕΛΗ,,3,www.chrissinefeli.com,reservations@chrissinefeli.com,24280-79717,2421500123,Άγιος Γεώργιος Νηλείας,ΜΑΓΝΗΣΙΑΣ,370 10,,,210-5789320
ΩΚΕΑΝΙΣ,"


1 Χλμ
",1,www.okeanispelion.gr,info@okeanispelion.gr,24230-22143,24230-22925,Κορόπη,ΚΟΡΩΠΗ ΜΗΛΕΩΝ ΜΑΓΝΗΣΙΑΣ,370 10,2423-022143,2423-022143,
