Όνομα,Απόσταση από νοσοκομείο,Αστέρια,Ιστοσελίδα,E-Mail,Τηλέφωνο,Αριθμός Φαξ,Πόλη,Διεύθυνση,Ταχυδρομικός Κώδικας,Τηλέφωνο 2,Εναλλακτικό Τηλέφωνο,Εναλλακτικό Φαξ
ΑΒΑΝΤΗΣ,"


0.6 Χλμ
",4,www.avantis-hotel.gr,info@avantis-hotel.gr,22290-64004,22290-64005,Ερέτρια,ΟΝΕΙΡΩΝ 2,340 08,,,
ΑΒΑΡΙΣ,"


2 Χλμ
",5,www.avarishotel.gr,info@avarishotel.gr,22370-89100,22370-89107,Καρπενήσι,ΣΩΤΗΡΑ ΚΑΡΠΕΝΗΣΙΟΥ,361 00,,,
ΑΓΑΘΙΔΗΣ,,2,,,22370-80813,,Προυσός,ΠΡΟΥΣΣΟΣ ΕΥΡΥΤΑΝΙΑΣ,360 74,,,
ΑΓΑΠΗ,"


0.04 Χλμ
",2,www.hotelthalassa.gr,info@thalasahotel.gr,22260-23883,22260-23572,Λουτρά Αιδηψού,ΦΙΛΕΛΛΗΝΩΝ 7Α,343 00,22260-23884,6944-573961,
ΑΓΓΕΛΗΣ,"


10 Χλμ
",2,,,22310-59351,,Λουτρά Υπάτης,ΛΟΥΤΡΑ ΥΠΑΤΗΣ,350 16,,2231-022921,
ΑΓΓΕΛΟΣ,,2,,,22670-31144,,Ζεμενό Αράχοβας,,320 04,,,
ΑΓΙΑ ΜΑΡΙΝΑ ΑΡΑΧΩΒΑΣ,"


9 Χλμ
",4,www.santamarinahotel.com,leonidas.anagnostou@santa-marina.gr,22670-31230,22670-32175,Αράχοβα,ΑΡΑΧΩΒΑ,320 04,22670-31234,210-4226571,210-9483375
ΑΓΙΟΣ ΓΕΩΡΓΙΟΣ,,3,www.sgh.gr,info@sgh.gr,22240-41810,22230-23244,Νέα Στύρα,ΤΖΟΛΗ ΝΕΩΝ ΣΤΥΡΩΝ,340 15,,,
ΑΓΙΟΣ ΝΙΚΟΛΑΟΣ,"


20 Χλμ
",2,www.agiosnikolaoshotel,par.theodoridou@gmail.com,22260-22494,22260-22494,Άγιος Νικόλαος,ΑΓ.ΝΙΚΟΛΑΟΣ ΑΙΔΗΨΟΥ,343 00,,2226-022494,
ΑΓΚΑΛΗ,"


10 Χλμ
",3,www.hotelagali.gr,tsirst@otenet.gr,22270-97103,22270-97067,Αγία Άννα,,340 10,,21-06852453,21-03637078
ΑΓΝΑΝΤΙ,"


1.5 Χλμ
",2,www.agnadihotel.com,roviessunset@yahoo.gr,22270-71220,22270-71357,Ροβιές,,340 05,22270-71354,2227-071355,2227-071357
ΑΓΡΙΑ ΟΜΟΡΦΙΑ,"


35 Χλμ
",2,www.ksenonasfournas.gr,ksenonasfournas@gmail.com,22370-51600,22370-51600,Φουρνά,ΦΟΥΡΝΑ ΕΥΡΥΤΑΝΙΑΣ,360 80,6988616561,,
ΑΔΩΝΙΣ,"


0.1 Χλμ
",2,,adonisho@otenet.gr,22260-22257,22260-23259,Λουτρά Αιδηψού,ΦΙΛΕΛΛΗΝΩΝ  &  ΜΕΓ.ΑΛΕΞΑΝΔΡΟΥ,343 00,22260-22161,,
ΑΘΗΝΑ,,1,www.athina-hotel-gr.com,athina_h@otenet.gr,22650-82239,22650-82592,Δελφοί,ΦΡΕΙΔΕΡΙΚΗΣ 55,330 54,,2265-082239,
ΑΘΗΝΑ,"


1 Χλμ
",3,,hotelathinalamia@gmail.com,22310-27700,22310-37722,Λαμία,ΡΟΖΑΚΗ ΑΓΓΕΛΗ 41,351 00,22310-20700,,
ΑΘΗΝΑ,,3,http://hotel-athina.gr/,athina-kukura@yahoo.com,22610-94500,,Αγία Άννα,ΑΓ.ΑΝΝΑ ΒΟΙΩΤΙΑΣ,321 00,2261000342,,
ΑΙ ΠΗΓΑΙ,,3,,nanou.angie@gmail.com,22260-22441,,Λουτρά Αιδηψού,,343 00,,,
ΑΙΓΑΙΑ,"


0.5 Χλμ
",3,,,22240-27350,,Κάρυστος,ΚΑΡΥΣΤΟΣ ΠΗΓΑΔΑΚΙΑ ΕΥΒΟΙΑΣ,340 01,,22240-24030,22240-26068
ΑΙΓΙΛΙΟΝ,"


0.5 Χλμ
",2,www.hotelegilion.gr,g.prevainas@gmail.com,22240-41204,22240-41484,Νέα Στύρα,,340 15,22240-41374,2224-051210,2224-041484
ΑΙΓΛΗ,"


22 Χλμ
",3,,,22260-22215,,Λουτρά Αιδηψού,ΔΗΜΟΣΙΑ ΠΑΡΑΛΙΑΚΗ ΟΔΟΣ,343 00,210-8670511,21-08670511,
ΑΙΓΛΗ,"


0.05 Χλμ
",1,,,22350-22344,,Καμένα Βούρλα,,350 08,,,
ΑΙΓΛΗ,"


17 Χλμ
",2,,info@aigli-loutra.gr,22310-59553,,Λουτρά Υπάτης,ΛΟΥΤΡΑ ΥΠΑΤΗΣ,350 16,22310-24294,,
ΑΙΓΛΗ,"


1 Χλμ
",4,www.aegli-arachova.gr,info@koutras.gr,22670-31767,22670-31841,Αράχοβα,ΑΡΑΧΩΒΑ ΒΟΙΩΤΙΑΣ,320 04,,6937-180888,
ΑΙΔΗΨΟΣ,,2,,hotelaidipsos@gmail.com,22260-22838,22260-24135,Λουτρά Αιδηψού,ΠΑΠΑΔΙΑΜΑΝΤΗ,343 00,22260-22035,,
ΑΙΟΛΟΣ,"


15 Χλμ
",2,,aioloshoteldelphi@yahoo.gr,22650-82631,22650-82253,Δελφοί,ΦΡΕΙΔΕΡΙΚΗΣ 23,330 54,22650-82213,2265-082213,2265-082253
ΑΙΟΛΟΣ,"


25 Χλμ
",2,,mavrozoumis.civil@gmail.com,22260-24389,,Λουτρά Αιδηψού,ΛΟΥΤΡΑ ΑΙΔΗΨΟΥ,343 00,,21-08320366,
ΑΚΙ,"


17 Χλμ
",3,www.hotelaki.gr,arg_kappes@yahoo.gr,22260-22222,22260-24500,Άγιος Νικόλαος,,343 00,,,
ΑΚΡΟΓΙΑΛΙ,,1,,d.papado@yahoo.gr,22260-71435,,Ιστιαία,ΝΕΟΣ ΠΥΡΓΟΣ,340 12,6972293117,210-2523278,
ΑΚΡΟΠΟΛ,"


0.5 Χλμ
",2,,acropole@hotmail.gr,22350-80000,22350-22817,Καμένα Βούρλα,Γ.ΒΑΣΙΛΕΙΑΔΗ 87,350 08,,,
ΑΚΡΟΠΟΛ,"


18 Χλμ
",3,www.delphi.com.gr,delphi@delphi.com.gr,22650-82675,22650-83171,Δελφοί,ΦΙΛΕΛΛΗΝΩΝ 13,330 54,22650-82676,,
ΑΚΡΟΠΟΛ,"


22 Χλμ
",1,,vfotou@ath.forthnet.gr,22260-22437,22260-22437,Λουτρά Αιδηψού,ΗΡΑΚΛΕΟΥΣ 45,343 00,,2226-022437,2226-022437
ΑΚΤΑΙ ΔΕΛΦΩΝ,"


2 Χλμ
",4,www.delphibeach.gr,info@delphibeach.gr,22660-31237,22660-31257,Ερατεινή,ΕΡΑΤΕΙΝΗ ΦΩΚΙΔΟΣ,330 58,210-9600986,21-09600986,21-09600984
ΑΚΤΑΙΟΝ,"


0.2 Χλμ
",2,www.akteon-hotel.gr,,22240-41261,,Νέα Στύρα,,340 15,22240-41263,21-06523345,21-06523345
ΑΚΤΑΙΟΝ,,3,,hotelaktaion@gmail.com,22260-24332,22260-60522,Λουτρά Αιδηψού,28ΗΣ ΟΚΤΩΒΡΙΟΥ & ΘΕΡΜΟΠΟΤΑΜΟΥ,343 00,,,
ΑΚΤΗ,"


0.3 Χλμ
",2,,akti-kv@otenet.gr,22350-22211,22350-23313,Καμένα Βούρλα,ΓΕΡΑΣΙΜΟΥ ΒΑΣΙΛΕΙΑΔΗ 73,350 08,22350-22311,2235-022311,
ΑΚΤΗ,,2,https://www.hotelaktilivanates.com/,akti-livanates@hotmail.com,22330-31305,,Λιβανάτες,ΛΙΒΑΝΑΤΕΣ ΛΟΚΡΙΔΟΣ,350 07,22330-031705,,
ΑΚΤΗ,"


6 Χλμ
",3,www.hotelakti.gr,info@hotelakti.gr,6977405236,22270-97419,Αγία Άννα,,340 10,2107645994,21-07645994,21-07645994
ΑΚΤΗ ΑΓΙΟΥ ΜΗΝΑ,"


2 Χλμ
",1,,lucy10@otenet.gr,22210-99560,22210-99559,Δροσιά,ΑΓ.ΜΗΝΑΣ ΧΑΛΚΙΔΑΣ,341 00,22210-98411,21-09649670,21-09646020
ΑΚΤΗ ΑΕΤΟΣ,"


3 Χλμ
",2,www.aetosbeach.gr,info@aetosbeach.gr,22240-23447,22240-24447,Κάρυστος,ΚΑΡΥΣΤΟΣ,340 01,22240-024447,21-09707929,2224-024447
ΑΚΤΗ ΑΝΤΙΚΥΡΑΣ,"


0.2 Χλμ
",2,www.antikya beach.com,feniaval@hotmail.com,6940084386,22670-42178,Αντικύρα,25 ΜΑΡΤΙΟΥ 2,320 12,22670-43244,,
ΑΚΤΗ ΑΠΟΛΛΟ,"


8 Χλμ
",3,www.apollo.com.gr,info@apollo.com.gr,2634091321,2634091323,Μαραθιάς,,330 56,2634091322,,
ΑΚΤΗ ΑΦΡΟΔΙΤΗΣ,"


1.5 Χλμ
",3,www.venus-beach.gr,info@venus-beach.gr,2224041226,22240-41209,Νέα Στύρα,Ν.ΣΤΥΡΑ ΕΥΒΟΙΑΣ,340 15,22240-41427,21-06755009,2224-041209
ΑΚΤΗ ΕΒΙΑΝΑ,"


1 Χλμ
",3,www.evianabeach.gr,info@evianabeach.gr,22290-62113,,Ερέτρια,ΕΡΕΤΡΙΑ,340 08,22290-62135,6936439600,
ΑΚΤΗ ΣΤΟΜΙΟΥ,"


3 Χλμ
",2,www.hotel-stomiobeach.gr,info@hotel-stomiobeach.gr,22220-71251,22220-71151,Οξύλιθος,ΟΞΥΛΙΘΟΣ ΕΥΒΟΙΑΣ,340 11,22220-71489,2222-046351,2222-071151
ΑΛΕΚΑ-ΝΤΙΝΟΣ,"


1 Χλμ
",3,www.lecadin.gr,reservations@lecadin.gr,2237022131,22370-24141,Καρπενήσι,1ΧΛΜ ΚΑΡΠΕΝΗΣΙΟΥ -ΑΓΡΙΝΙΟΥ,361 00,22370-22132,2237022131,2237024141
ΑΛΕΜΑΡ ΚΑΤΟΙΚΙΕΣ,"


6 Χλμ
",2,www.alemar.gr,info@alemar.gr,22220-29021,22220-29021,Σκύρος,,340 07,,2155303030,2155518256
ΑΛΕΞ,"


15 Χλμ
",3,www.alexspahotel.gr,spahotelalex@yahoo.gr,22260-24103,2226024103,Λουτρά Αιδηψού,ΕΡΜΟΥ 31 & Γ.ΔΡΟΣΙΝΗ,343 00,,2226-022127,
ΑΛΕΞΑΚΗΣ,"


0.1 Χλμ
",2,www.hotelalexakis.gr,alexakishotel@yahoo.com,22310-59380,22310-59372,Λουτρά Υπάτης,ΛΟΥΤΡΑ ΥΠΑΤΗΣ,350 16,,2231-059380,2231-059372
ΑΛΕΞΑΝΔΡΑ,"


0.5 Χλμ
",2,,alexadra@otenet.gr,22370-24132,22370-24133,Καρπενήσι,ΔΗΜΟΚΡΑΤΙΑΣ 6,361 00,,,
ΑΛΕΞΑΝΔΡΙΔΗΣ,"


30 Χλμ
",2,www.alexandridis-hotel.gr,alexandridis_hotel@hotmail.com,22270-71272,22270-71226,Ροβιές,ΡΟΒΙΕΣ ΕΥΒΟΙΑΣ,340 05,22270-71256,,
ΑΛΕΞΑΝΔΡΟΣ,"


0.08 Χλμ
",2,www.alexandroslihada.com,alexandroslihada@hotmail.gr,22260-33208,22260-33208,Άγιος Γεώργιος,,343 00,22260-33145,2226-033208,
ΑΛΕΞΑΝΔΡΟΣ,"


0.25 Χλμ
",1,,alexandroshotel11@yahoo.gr,22350-22446,22350-80774,Καμένα Βούρλα,ΠΑΝΟΥΡΓΙΑ 16,350 08,,6979-875273,
ΑΛΙΝΑ,"


0.07 Χλμ
",2,,georgiasinou@gmail.com,22260-22521,,Λουτρά Αιδηψού,ΗΡΑΚΛΕΟΥΣ 17,343 00,2105905672,2226-022521,
ΑΛΜΑ,"


2 Χλμ
",2,www.hotel-alma.gr,almahotelkv@gmail.com,22350-23954,22350-24358,Καμένα Βούρλα,ΘΡΟΝΙΟΥ 11,350 08,22350-22829,,
ΑΛΜΙΡΑ ΜΑΡΕ,"


4 Χλμ
",4,www.almiramare.gr,info@almiramare.gr,22210-97100,22210-97115,Δροσιά,ΑΓ.ΜΗΝΑΣ ΔΡΟΣΙΑΣ ΕΥΒΟΙΑΣ,341 00,,,
ΑΛΠΙΚΟ ΣΠΙΤΙ,"


1 Χλμ
",4,www.alpenhouse.gr,a-alpen@otenet.gr,22670-31970,22670-31097,Αράχοβα,ΑΡΑΧΩΒΑ ΒΟΙΩΤΙΑΣ,320 04,,,
ΑΛΣ,"


0.5 Χλμ
",2,,costaskyriakopoulos@hotmail.com,22240-22202,,Κάρυστος,ΚΟΤΣΙΚΑ 96,340 01,,,
ΑΛΤΑΜΑΡ,,3,www.altamar.gr,info@altamar.gr,22260-41437,22260-41258,Αρτεμίσιο,ΑΡΤΕΜΙΣΙΟ ΕΥΒΟΙΑΣ,342 00,22260-40809,2226041437,
ΑΛΥΚΕΣ,"


1 Χλμ
",3,www.alykesmarmari.com,alykeshotel@yahoo.gr,22240-32470,22240-32472,Μαρμάρι,ΑΛΥΚΕΣ,340 13,6939-391210,,
ΑΛΦΑ,"


0.2 Χλμ
",2,,,22310-59507,,Λουτρά Υπάτης,ΛΟΥΤΡΑ ΥΠΑΤΗΣ,350 16,,2231-033349,
ΑΛΩΝΙ,,3,,,000-0000000,,Ελικώνας,ΝΤΡΟΥΑΕΖΑ,321 00,,,
ΑΜΑΔΡΥΑΔΕΣ,"


7 Χλμ
",3,www.amadryades.gr,info@amadryades.gr,22370-80909,22370-25230,Βούτυρο,,361 00,,,
ΑΜΑΛΘΕΙΑ,"


1 Χλμ
",2,www.voriaevia.gr/hotelamalthia,amalthi1@otenet.gr,22270-29103,22270-29104,Λίμνη,,340 05,22270-32404,,
ΑΜΑΛΙΑ,"


0.3 Χλμ
",4,http://amaliahoteldelphi.gr/,amalia@amaliahotels.com,22650-82101,22650-82290,Δελφοί,ΔΕΛΦΟΙ,330 54,,,
ΑΜΑΡΟΝΤΑ ΡΙΖΟΡΤ,"


3 Χλμ
",4,www.airotel.gr,agelos@manessistravel.gr,22290-68120,22290-68118,Μαλακώντα,ΜΑΛΑΚΟΝΤΑ ΕΡΕΤΡΙΑΣ,340 08,210-6400720,21-06400720,21-06400750
ΑΜΑΡΥΛΛΙΣ,"


10 Χλμ
",2,,info@hotelamarillis.gr,22260-41222,22260-41511,Πευκί,ΠΕΥΚΙ ΙΣΤΙΑΙΑΣ ΕΥΒΟΙΑΣ,342 00,22260-69270,,
ΑΜΕΡΙΚΑ,"


1 Χλμ
",1,www.hotelamerika-lamia.gr,hotelamerika.lamia@gmail.com,22310-26765,22310-45837,Λαμία,ΠΑΤΡΟΚΛΟΥ 12,351 00,22310-45837,,
ΑΜΕΡΙΚΑ,"


0.3 Χλμ
",1,Hotel america.gr,hotelamericadist@gmail.com,2267022079,22670-22079,Δίστομο,ΚΑΣΤΡΙΤΙ 1,320 05,2267022080,,
ΑΜΜΟΣ,"


7 Χλμ
",3,www.ammosboutiquehotel.gr,ammos.boutique@gmail.com,26340-71435,26340-29306,Χιλιαδού,,330 56,26340-29305,6958-456558,
ΑΜΜΟΣ,"


1.5 Χλμ
",3,https://www.skyrosammoshotel.com,info@skyrosammoshotel.com,22220-91234,22220-91234,Σκύρος,,340 07,6974-354181,210-6512354,210-6517798
ΑΜΦΙΚΑΙΑ,"


9 Χλμ
",2,www.amfikaia.gr,info@amfikaia.gr,6977-596196,22340-48885,Αμφίκλεια,ΠΑΛΑΒΙΤΣΑ,350 02,22340-48860,,
ΑΜΦΙΣΣΕΟΥΜ,"


1 Χλμ
",2,www.amfissahotel.gr,ndrol@otenet.gr,22650-22161,22650-22644,Άμφισσα,ΓΙΔΟΓΙΑΝΝΟΥ 18,331 00,22650-22162,,
ΑΜΦΙΤΡΥΩΝ,"


0.1 Χλμ
",2,,,22350-31702,22350-32604,Άγιος Κωνσταντίνος,ΕΥΒΟΙΚΟΥ 10,350 06,22350-31285,,
ΑΝΑΣΤΑΣΙΑ,"


0.5 Χλμ
",2,,dinaplatan@yahoo.gr,2235022490,2235300665,Καμένα Βούρλα,ΕΡΜΟΥ 1,350 08,,2235022490,2235300665
ΑΝΑΣΤΑΣΙΑ ΞΕΝΟΔΟΧΕΙΟ & ΣΟΥΙΤΕΣ ΜΕΣΟΓΕΙΑΚΗ ΑΝΕΣΗ,"


1 Χλμ
",4,www.anastasiahotel.com.gr,info@anastasiahotel.com.gr,22240-27222,22240-27224,Κάρυστος,ΚΑΡΥΣΤΟΣ,340 01,,6974-708624,
ΑΝΑΤΟΛΗ,"


22 Χλμ
",2,www.hotelsunrise.gr,g_petrogiannis@hotmail.com,22290-60004,22290-60648,Ερέτρια,ΕΡΕΤΡΙΑ ΕΥΒΟΙΑΣ,340 08,22290-60647,,
ΑΝΑΤΟΛΗ,"


5 Χλμ
",5,www.koryschades.gr,korys@otenet.gr,22370-25102,22370-23456,Κορυσχάδες,ΚΟΡΥΣΧΑΔΕΣ ΕΥΡΥΤΑΝΙΑΣ,361 00,21121,,
ΑΝΔΡΕΑΣ,"


1 Χλμ
",1,,andreashotelamfiklia@gmail.com,22340-22696,,Αμφίκλεια,ΑΜΦΙΚΛΕΙΑ ΛΟΚΡΙΔΟΣ,350 02,,,
ΑΝΕΜΟΚΑΜΠΙ ΜΠΗΤΣ,"


25 Χλμ
",3,,,000-0000000,,Γαλαξίδι,,330 52,,,
ΑΝΕΜΟΛΙΑ,"


25 Χλμ
",4,www.anemolia.gr,anemolia@otenet.gr,22670-31640,22670-31642,Αράχοβα,ΑΡΑΧΩΒΑ ΒΟΙΩΤΙΑΣ,320 04,22670-31641,,
ΑΝΕΜΟΜΥΛΟΣ,"


1 Χλμ
",3,http://anemomylos-bungalows.gr,anemomilosbungalows@gmail.com,22240-22987,22240-22987,Κάρυστος,ΣΥΦΤΗ,340 01,,,
ΑΝΕΜΩΝΗ,"


20 Χλμ
",2,www.anemonihotel.gr,anemonihotel@gmail.com,2226022115,22260-24488,Λουτρά Αιδηψού,ΗΡΑΚΛΕΟΥΣ 30,343 00,,2226023316,
ΑΝΕΣΙΣ,"


0.05 Χλμ
",3,,hr.anesis@gmail.com,22260-22248,22260-60918,Λουτρά Αιδηψού,ΦΙΛΕΛΛΗΝΩΝ 9,343 00,,21-08088244,21-06230560
ΑΝΕΣΙΣ,"


0.2 Χλμ
",3,www.anesis.gr,info@anesis.gr,22370-80700,22370-23021,Καρπενήσι,ΚΑΡΠΕΝΗΣΙ,361 00,22370-80701,,
ΑΝΕΣΙΣ,,2,,,22350-22241,,Καμένα Βούρλα,ΠΛΑΤΕΙΑ ΠΛΑΣΤΗΡΑ,350 08,,,
ΑΝΕΣΙΣ,"


0.5 Χλμ
",1,,,22330-51214,,Μαλεσίνα,,350 01,,,
ΑΝΕΣΤΗΣ,,2,www.hotelanestis.gr,reservations@hotelanestis.gr,22260-41206,22260-41806,Πευκί,ΠΕΥΚΙ ΙΣΤΙΑΙΑΣ,342 00,22260-041807,,
ΑΝΝΑ,"


22 Χλμ
",1,,,22260-22266,,Λουτρά Αιδηψού,25ΗΣ ΜΑΡΤΙΟΥ 40,343 00,22260-23456,21-08944257,
ΑΝΝΑ – ΧΡΙΣΤΙΝΑ,"


40 Χλμ
",2,annachristina.gr,anna-christina-hotel@outlook.com,22350-22360,22350-22360,Καμένα Βούρλα,ΚΝΗΜΙΔΟΣ 4,350 08,22350-23533,2235-022360,
ΑΝΝΑ ΣΤΟΥΝΤΙΟ,"


7 Χλμ
",1,,annastudios@hotmail.com,22260-40601,22260-40606,Πευκί,ΠΕΥΚΙ ΕΥΒΟΙΑΣ,342 00,210-9919203,21-09919203,21-09937751
ΑΝΟΙΞΙΣ,"


0.3 Χλμ
",2,www.anixis.gr,info@anixis.gr,22310-59567,22310-59568,Λουτρά Υπάτης,ΛΟΥΤΡΑ ΥΠΑΤΗΣ,350 16,22310-59667,,
ΑΝΤΖΕΛΑ,"


5 Χλμ
",3,www.angelahotel.gr,adroutsosdimis62@gmail.com,22210-41165,22210-41165,Νέα Αρτάκη,ΝΕΑ ΑΡΤΑΚΗ ΕΥΒΟΙΑΣ,346 00,,,
ΑΝΤΖΕΛΑ,,2,,anagnos5@yahoo.gr,22260-22733,2226022733,Λουτρά Αιδηψού,ΤΕΛΕΘΡΙΟΥ 4,343 00,,6946462055,
ΑΝΤΖΕΛΑ,"


3 Χλμ
",2,www.angelahotelskyros.com,anghotel@otenet.gr,22220-91764,22220-92030,Σκύρος,ΣΚΥΡΟΣ,340 07,22220-91490,2222-091490,
ΑΝΤΙΓΟΝΗ,"


0.1 Χλμ
",1,,lainis.p@gmail.com,22260-22237,,Λουτρά Αιδηψού,ΒΥΖΑΝΤΙΝΩΝ ΑΥΤΟΚΡΑΤΟΡΩΝ 3,343 00,22260-23512,21-08834446,
ΑΝΤΙΓΟΝΗ,"


3.5 Χλμ
",3,,kkonstantoulaki@yahoo.gr,22220-91319,2222091319,Σκύρος,ΠΕΤΡΟΥΛΑ ΣΚΥΡΟΥ,340 07,6945-100230,21-06716879,21-03614003
ΑΠΕΡΑΝΤΟ ΓΑΛΑΖΙΟ,"


2 Χλμ
",3,,manager@gbhotel.eu,22290-61012,22290-61090,Ερέτρια,ΕΡΕΤΡΙΑ ΕΥΒΟΙΑΣ,340 08,22290-61034,21-09602780,21-09602789
ΑΠΟΛΛΩΝ,"


22 Χλμ
",3,,apollohotel@windowslive.com,22650-82580,22650-82455,Δελφοί,ΔΕΛΦΟΙ,330 54,22650-82244,,
ΑΠΟΛΛΩΝ ΣΟΥΙΤΣ,,3,www.apollonsuiteshotel.com,apollonsuite@gmail.com,22240-22045,22240-22049,Κάρυστος,ΨΙΛΗ ΑΜΜΟΣ,340 01,22240-22046,2103388001,
ΑΠΟΛΛΩΝΙΑ,"


20 Χλμ
",4,www.hotelapollonia.gr,reservations@hotelapollonia.gr,22650-82919,22650-82609,Δελφοί,ΙΦΙΓΕΝΕΙΑΣ  &  Α.ΣΥΓΓΡΟΥ 37,330 54,2265082325,,
ΑΠΟΛΛΩΝΙΟΝ,"


0.8 Χλμ
",2,,,22310-22668,,Λαμία,ΧΑΤΖΟΠΟΥΛΟΥ 25,351 00,22310-23032,,
ΑΠΟΛΛΩΝΙΟΝ,,3,www.hotelapollonion.gr,info@hotelapollonion.gr,22370-25001,22370-89051,Καρπενήσι,ΑΘΑΝΑΣΙΟΥ ΚΑΡΠΕΝΗΣΙΩΤΗ 4,361 00,,,
ΑΡΑΧΩΒΑ ΙΝΝ,"


0.2 Χλμ
",3,www.arahova-inn.gr,arahovainn@gmail.com,22670-31353,22670-31134,Αράχοβα,ΑΡΑΧΩΒΑ ΒΟΙΩΤΙΑΣ,320 04,2267031497,,
ΑΡΓΩ,"


0.2 Χλμ
",2,,argwhotel@gmail.com,22260-22453,22260-60176,Λουτρά Αιδηψού,ΦΙΛΕΛΛΗΝΩΝ 2,343 00,22260-23981,2226-022453,
ΑΡΓΩ,"


0.2 Χλμ
",2,www.hotel-argo.eu,info@hotel-argo.eu,22650-41996,22650-41878,Γαλαξίδι,ΓΑΛΑΞΕΙΔΙ,330 52,22650-42100,,
ΑΡΓΩ Α,"


0.2 Χλμ
",3,http://hotel-argo.eu/,,22650-41996,22650-41878,Γαλαξίδι,Στρατηγού Καμμένου 17-19,330 52,,,
ΑΡΕΘΟΥΣΑ,"


20 Χλμ
",2,www.hotel-arethousa.gr,hotelarethousa@gmail.com,22260-24331,22260-24301,Λουτρά Αιδηψού,ΘΕΡΜΟΠΟΤΑΜΟΥ 17,343 00,22260-24301,22210-84815,22210-88138
ΑΡΕΤΗ,"


23 Χλμ
",2,www.hotelareti.com,hotelareti4@gmail.com,22260-22473,22260-24009,Λουτρά Αιδηψού,ΟΜΗΡΟΥ 13,343 00,,2385-023587,
ΑΡΙΑΔΝΗ,"


1 Χλμ
",2,www.ariadnestudios.gr,hotelariadneskyros@gmail.com,22220-91113,22220-92482,Σκύρος,ΜΑΓΑΖΙΑ ΣΚΥΡΟΥ,340 07,210-7788126,21-07788126,
ΑΡΙΑΔΝΗ,"


5 Χλμ
",1,www.hotel-ariadni.gr,info@hotel-ariadni.gr,2227097400,22270-97400,Αγία Άννα,,340 10,2227097444,2227097400,2227097400
ΑΡΙΩΝ,"


25 Χλμ
",2,www.ariondelphihotel.com,info@ariondelphihotel.com,22650-82097,22650-83097,Δελφοί,ΣΥΓΓΡΟΥ 29,330 54,,,
ΑΡΤΕΜΙΣ,"


0.5 Χλμ
",2,www.artemis-hotel.gr,info@artemis-hotel.gr,22290-36168,22290-38655,Αμάρυνθος,ΕΛΛΗΣΠΟΝΤΟΥ 4,340 06,22290-38632,,
ΑΡΤΕΜΙΣ,"


0.35 Χλμ
",2,,,22350-22122,,Καμένα Βούρλα,Ν.ΕΘΝΙΚΗ ΟΔΟΣ,350 08,,,
ΑΡΤΕΜΙΣ,"


0.2 Χλμ
",2,www.panartemis.gr,info@panartemis.gr,22650-82494,22650-83244,Δελφοί,ΒΑΣΙΛΕΩΣ ΠΑΥΛΟΥ 60,330 54,,,
ΑΡΤΕΜΙΣΙΟΝ,"


18 Χλμ
",2,www.hotelartemision.gr,info@hotelartemision.gr,22260-22251,22260-24134,Λουτρά Αιδηψού,ΦΙΛΕΛΛΗΝΩΝ 5,343 00,22260-24134,21-07601367,21-07601367
ΑΡΧΟΝΤΙΚΟ,"


0.2 Χλμ
",3,www.archodikoarthotel.gr,archontikohotel@gmail.com,22650-42292,22650-42492,Γαλαξίδι,ΓΑΛΑΞΕΙΔΙ ΦΩΚΙΔΑΣ,330 52,22650-41788,,
ΑΡΧΟΝΤΟΠΕΤΡΑ,"


10 Χλμ
",3,www.arxontopetra.gr,info@arhontopetra.gr,22370-41100,22370-41516,Μεγάλο Χωριό,,361 00,,,
ΑΣΕΛΗΝΟΣ,"


17 Χλμ
",4,www.aselinoshotels.gr,info@aselinoshotels.gr,22260-51455,22260-51500,Συκιά,ΣΥΚΕΑ ΦΩΚΙΔΑΣ,330 53,22260-51555,,
ΑΣΗΜΙΝΑ,"


0.3 Χλμ
",2,,mina_dimitriou@yahoo.com,22260-22136,22260-23489,Λουτρά Αιδηψού,ΟΜΗΡΟΥ 19,343 00,22260-22137,2226-022137,
ΑΣΚΛΗΠΙΟΣ,,1,,,22310-93303,,Θερμοπύλες,,350 09,22310-93304,2231-059554,2231-059555
ΑΣΚΛΗΠΙΟΣ,"


5 Χλμ
",4,,,22360-22510,22360-22518,Πλατύστομο,ΠΛΑΤΥΣΤΟΜΟ ΜΑΚΡΑΚΩΜΗΣ,350 11,,,
ΑΣΠΑΣΙΑ ΚΑΙ ΑΛΕΞΑΝΔΡΟΣ ΔΕΛΦΟΙ,"


0.2 Χλμ
",1,,,22650-82872,,Δελφοί,ΒΑΣIΛΕΩΣ ΠΑΥΛΟΥ 22,330 54,22650-82331,,
ΑΣΤΕΡΑΣ ΑΓΚΑΛΗΣ,"


3 Χλμ
",2,,,22270-97142,,Αγία Άννα,ΠΑΡΑΛΙΑ ΑΓΙΑΣ ΑΝΝΑΣ ΕΥΒΟΙΑΣ,340 10,6945-772523,6945-772523,
ΑΣΤΕΡΙ,"


23 Χλμ
",1,,,22260-24418,,Λουτρά Αιδηψού,ΛΟΥΤΡΑ ΑΙΔΗΨΟΥ,343 00,22260-22273,2226-024418,
ΑΣΤΕΡΙΑ,"


0.5 Χλμ
",2,,koufaliotisc@gmail.com,22350-80901,22350-22946,Καμένα Βούρλα,ΚΑΜΜΕΝΑ ΒΟΥΡΛΑ,350 08,22350-80902,,
ΑΣΤΕΡΩ,"


35 Χλμ
",1,www.asterohotel.gr,asterohotel@hotmail.com,22670-31622,22670-31622,Αράχοβα,ΑΡΑΧΩΒΑ ΒΟΙΩΤΙΑΣ,320 04,,,
ΑΣΤΗΡ,"


0.2 Χλμ
",2,www.greek-tourism.gr/agioskonstantinos/hotelastir,sgeorga@tee.gr,22350-31625,210-9628002,Άγιος Κωνσταντίνος,ΕΥΒΟΙΚΟΥ 6,350 06,22350-31425,,
ΑΣΤΡΟΛΑΒΟΣ,"


25 Χλμ
",3,www.astrolabehotel.gr,info@astrolabehotel.gr,22270-32412,210-7646859,Χρόνια,ΧΡΟΝΙΑ Δ. ΕΛΥΜΝΙΩΝ ΕΥΒΟΙΑΣ,340 05,,21-07646857,21-07646859
ΑΣΤΡΟΝ,"


5 Χλμ
",2,www.hotelastron.gr,info@hotelastron.gr,2231059595,2231059595,Λουτρά Υπάτης,,350 16,,2231305335,
ΑΤΑΛΑΝΤΗ,,1,,,22330-22204,,Αταλάντη,ΕΘΝΙΚΗΣ ΑΝΤΙΣΤΑΣΗΣ 42,352 00,,,
ΑΤΣΙΤΣΑ,"


18 Χλμ
",2,www.hotelatsitsa.gr,info@hotelatsitsa.gr,22220-92990,22220-91917,Σκύρος,,340 07,,,
ΑΥΡΑ,,4,www.avraspahotel.gr,mike_sera@hotmail.com,6946271026,22260-23260,Λουτρά Αιδηψού,ΠΑΡΑΛΙΑΚΗ ΟΔΟΣ ΑΙΔΗΨΟΥ,343 00,22260-22111,2226022226,2226023260
ΑΥΡΑ,"


0.1 Χλμ
",2,www.avrahotel.eu,abasanos_hotelavra@hotmail.com,22350-22220,22350-24726,Καμένα Βούρλα,ΓΕΡΑΣ. ΒΑΣΙΛΕΙΑΔΗ 33,350 08,,,
ΑΥΡΑ,"


1 Χλμ
",1,,petsavasmpampis@yahoo.gr,22670-42045,22670-42045,Αντικύρα,ΑΝΤΙΚΥΡΑ ΒΟΙΩΤΙΑΣ,320 03,,,
ΑΥΡΗΛΙΑ,,1,,m3233s@gmail.com,22260-22307,,Λουτρά Αιδηψού,25ΗΣ ΜΑΡΤΙΟΥ 12,343 00,,,
ΑΧΙΛΛΕΙΟΝ,,2,,,22330-31303,,Λιβανάτες,ΛΙΒΑΝΑΤΕΣ ΦΘΙΩΤΙΔΑΣ,350 07,,,
ΑΧΙΛΛΕΙΟΝ,"


3 Χλμ
",3,,axilleionhotelskyros@yahoo.gr,22220-93300,22220-93303,Σκύρος,ΑΣΠΟΥΣ ΣΚΥΡΟΥ,340 07,22220-92425,,
ΒΑΛΑΡ’Σ,"


10 Χλμ
",2,,,22260-22278,,Λουτρά Αιδηψού,ΩΚΕΑΝΙΔΩΝ 5,343 00,,,
ΒΑΛΕΝΤΙ ΒΙΛΛΑΤΖ,"


5 Χλμ
",2,www.valledivillage.gr,reserve@valledivillage.gr,22220-29150,22220-24209,Παραλία Κύμης,,340 03,22220-24210,,
ΒΑΡΔΟΥΣΙΑ,"


25 Χλμ
",3,www.hotelvardousia.gr,info@hotelvardousia.gr,22650-63148,22650-63149,Αθανάσιος Διάκος,ΑΘΑΝΑΣΙΟΣ ΔΙΑΚΟΣ ΦΩΚΙΔΟΣ,330 53,2265063150,,
ΒΑΡΩΝΟΣ,"


17 Χλμ
",2,www.hotel-delphi.gr,varonosh@gmail.com,22650-82345,22650-82041,Δελφοί,ΠΑΥΛΟΥ & ΦΡΕΙΔΕΡΙΚΗΣ 25,330 54,,,
ΒΑΣΙΛΕΥΣ ΔΡΑΝΟΣ,,3,,,000-0000000,,Λουτρά Καΐτσης,,350 10,,,
ΒΑΣΙΛΕΥΣ ΗΝΙΟΧΟΣ,,4,www.kinginiohos.com,info@kinginiohos.com,22650-82151,22650-82764,Δελφοί,ΟΣΙΟΥ ΛΟΥΚΑ 78,330 54,,2265-082151,2265-082764
ΒΕΡΓΙΝΑ,,1,,nkallioras@yahoo.com,22210-25096,,Λουτρά Αιδηψού,ΗΡΑΚΛΕΟΥΣ 23Α,343 00,22210-24854,,
ΒΙΑΝΑ,,2,,hotelviana.minas@gmail.com,22260-23206,22260-23206,Λουτρά Αιδηψού,ΛΟΥΤΡΑ ΑΙΔΗΨΟΥ,343 00,,,
ΒΙΚΤΩΡΙΑ,"


14 Χλμ
",2,,,22290-68100,,Βασιλικό,,340 08,,21-08825404,
ΒΙΛΛΑ ΒΙΡΓΙΝΙΑ,"


7 Χλμ
",3,www.villavirginia.gr,info@villavirginia.gr,22370-80300,22370-22264,Βούτυρο,,361 00,22370-25133,,
ΒΙΛΛΑ ΟΛΥΜΠΙΑ,"


0.5 Χλμ
",3,,villa-olimpia@hotmail.com,22650-41810,22650-41746,Γαλαξίδι,ΓΑΛΑΞΕΙΔΙ,330 52,22650-41174,,
ΒΙΛΛΑ ΦΙΛΟΞΕΝΙΑ,"


0.2 Χλμ
",2,,galini.info@gmail.com,+30 22670-32455,,Αράχοβα,ΓΕΩΡΓΙΟΥ ΚΡΕΜΟΥ 156,320 04,,+306988268467,
ΒΙΝΑ,,3,www.skyroshotel.gr,vina@skyroshotel.gr,22220-93111,22220-92444,Σκύρος,ΠΟΥΡΙΑ ΣΚΥΡΟΣ,340 07,2222092444,,
ΒΙΟΛΕΤΤΑ,"


1 Χλμ
",3,www.hotelvioletta.com,sales@hotelvioletta.com,22350-22203,22350-22108,Καμένα Βούρλα,Γ.ΒΑΣΙΛΕΙΑΔΗ 81,350 08,22350-22108,21-06524413,
ΒΙΡΓΙΝΙΑ ΙΙ,,3,www.villavirginia.gr,info@villavirginia.gr,22370-80300,22370-22264,Βούτυρο,,361 00,22370-25133,,
ΒΥΖΑΝΤΙΟΝ,"


0.1 Χλμ
",2,,kostasmakras7@gmail.com,22260-71600,,Νέος Πύργος,ΝΕΟΣ ΠΥΡΓΟΣ ΕΥΒΟΙΑΣ,340 12,,2226-071600,
ΓΑΛΑΖΙΟ ΔΕΛΦΙΝΙ,,1,,,22350-22302,,Αλμυροπόταμος,ΑΛΜΥΡΟΠΟΤΑΜΟΣ ΕΥΒΟΙΑΣ,340 15,,,
ΓΑΛΑΞΑ,"


20 Χλμ
",4,www.galaxamansion.com,galaxidi@otenet.gr,22650-41620,22650-42053,Γαλαξίδι,ΧΗΡΟΛΑΚΑΣ ΓΑΛΑΞΕΙΔΙΟΥ,330 52,,2265041155,2265-042053
ΓΑΛΑΞΙΑΣ,"


7 Χλμ
",2,,hotel-galaxias@hotmail.com,22330-93211,22330-93470,Θεολόγος,ΘΕΟΛΟΓΟΣ ΦΘΙΩΤΙΔΑΣ,350 05,,6973-403195,2233-093470
ΓΑΛΑΞΙΑΣ,,2,www.galaxyhotelkaristos.com/,hotelgalaxias@yahoo.gr,22240-22600,22240-22463,Κάρυστος,ΚΑΡΥΣΤΟΣ ΕΥΒΟΙΑΣ,340 01,,,
ΓΑΛΑΞΙΑΣ,"


0.2 Χλμ
",2,,pezma@otenet.gr,22260-22184,22260-24041,Λουτρά Αιδηψού,ΕΡΜΟΥ 11,343 00,,2226-022184,2226-024041
ΓΑΛΑΞΙΑΣ,"


0.2 Χλμ
",3,http://hotel-galaxias.eu/,info@hotel-galaxias.eu,22310-59506,,Λουτρά Υπάτης,ΑΓΙΟΥ ΚΩΝΣΤΑΝΤΙΝΟΥ 1,350 16,,2231-059506,
ΓΑΛΑΞΙΑΣ,"


8 Χλμ
",2,www.hotelgalaxias.gr,info@hotelgalaxias.gr,2266081266,2266081388,Παραλία Αγίων Πάντων,ΠΑΡΑΛΙΑ ΑΓ.ΠΑΝΤΩΝ ΦΩΚΙΔΟΣ,33058,2103455756,2103455756,2103455756
ΓΑΛΑΞΙΔΙ,"


0.2 Χλμ
",2,www.hotelgalaxidi.gr,hotelgalaxidi@gmail.com,22650-41850,22650-41849,Γαλαξίδι,ΓΑΛΑΞΙΔΙ,330 52,22650-41851,,
ΓΑΛΗΝΗ,"


40 Χλμ
",5,www.mitsishotels.com/hotels/galini-resort,galini.res@mitsishotels.com,22350-80501,22350-22307,Καμένα Βούρλα,ΚΑΜΜΕΝΑ ΒΟΥΡΛΑ,350 08,22350-80502,,
ΓΑΛΗΝΗ,"


0.3 Χλμ
",3,www.iteahotel.com,info@iteahotel.com,22650-32278,22650-32323,Ιτέα,28ΗΣ ΟΚΤΩΒΡΙΟΥ 55,332 00,,,
ΓΑΛΗΝΗ,"


20 Χλμ
",2,www.aedipsos-holidays.gr,info@galinihotelaidipsos.com,22260-22448,22260-22160,Λουτρά Αιδηψού,ΠΑΡΑΛΙΑΚΗ ΟΔΟΣ ΑΓ.ΝΙΚΟΛΑΟΥ,343 00,2226022160,,
ΓΑΛΗΝΗ,"


27 Χλμ
",1,www.hotelgalinilarimna.gr,hotel.galini@hotmail.gr,2233041208,,Λάρυμνα,ΛΑΡΥΜΝΑ ΦΘΙΩΤΙΔΑΣ,35012,2233089945,,
ΓΑΛΗΝΗ,"


1 Χλμ
",3,www.pefkigalinihotel.gr,Domi1974@yahoo.gr,6976769534,22260-41650,Πευκί,ΠΕΥΚΙ ΙΣΤΙΑΙΑΣ ΕΥΒΟΙΑΣ,342 00,22260-41640,6976769534,2226041650
ΓΑΝΥΜΗΔΗΣ,"


0.15 Χλμ
",3,www.ganimede.gr,info@ganimede.gr,22650-41328,22650-42160,Γαλαξίδι,ΝΙΚΟΛΑΟΥ ΓΟΥΡΓΟΥΡΗ 20,330 52,6937154567,,
ΓΑΡΥΦΑΛΛΙΑ,"


21 Χλμ
",3,,,22260-24193,,Λουτρά Αιδηψού,ΦΙΛΕΛΛΗΝΩΝ 70,343 00,,,
ΓΕΩΡΓΙΑ,"


0.2 Χλμ
",1,,,22350-22542,,Καμένα Βούρλα,ΠΑΝΟΥΡΓΙΑ 4,350 08,,2235-022542,
ΓΕΩΡΓΙΟΣ,"


23 Χλμ
",2,,evitatsirigoti@gmail.com,22260-23285,,Λουτρά Αιδηψού,ΘΕΡΜΟΠΟΤΑΜΟΥ 2,343 00,22260-23286,,
ΓΟΡΓΟΠΟΤΑΜΟΣ,"


7 Χλμ
",2,,,22310-81204,22310-81326,Γοργοπόταμος,,351 00,22310-81326,,
ΓΡΕΓΟΛΙΜΑΝΟ,"


20 Χλμ
",3,www.clubmed.com,grecenvi01@clubmed.com,22260-33283,22260-33115,Λιχάδα,ΛΙΧΑΔΑ ΕΥΒΟΙΑΣ,343 00,22260-33543,,
ΔΑΔΙ ΑΡΧΟΝΤΙΚΟ ΠΑΡΝΑΣΣΟΥ,"


1 Χλμ
",4,https://xenonasdadi.gr/el/,contact@xenonasdadi.gr,22340-29040,,Αμφίκλεια,ΦΙΛΙΑΣ 41,350 02,,,
ΔΑΣΙΚΟ ΧΩΡΙΟ ΛΙΒΑΔΑΚΙ,"


15 Χλμ
",2,www.livadaki.gr,kiousisilias@yahoo.com,22360-91040,,Μεγάλη Κάψη,ΜΕΓΑΛΗ ΚΑΨΗ Ν.ΦΘΙΩΤΙΔΟΣ,350 17,6972706177,,
ΔΑΣΟΣ,,3,,varsavasltd@gmail.com,22370-41155,,Μεγάλο Χωριό,,361 00,,,
ΔΑΣΟΣ ΘΕΡΕΤΡΟΝ,,4,www.dasostheretron.gr,info@dasostheretron.gr,22660-91000,22660-91003,Παλαιοξάρι,ΠΑΛΑΙΟΞΑΡΙ ΠΟΤΙΔΑΝΙΑΣ,330 60,,,
ΔΑΦΝΗ,"


0.5 Χλμ
",2,,,22350-22372,,Καμένα Βούρλα,ΠΑΝΟΥΡΓΙΑ 7,350 08,,6972-465301,
ΔΕΛΤΑ,,2,,deltahotellamia@gmail.com,22310-21600,22310-31476,Λαμία,ΚΑΡΑΙΣΚΑΚΗ 82,351 00,22310-21602,,
ΔΕΛΦΙΝΙ,"


0.15 Χλμ
",3,www.delfini-styra.gr,delfini@delfini-styra.gr,22240-41210,22240-42186,Νέα Στύρα,ΝΕΑ ΣΤΥΡΑ ΕΥΒΟΙΑΣ,340 15,22240-41550,22240-41210,22240-42186
ΔΕΛΦΙΝΙ,"


0.02 Χλμ
",3,,info@eviahotel.com,22240-31296,,Μαρμάρι,ΜΑΡΜΑΡΙ ΕΥΒΟΙΑΣ,340 13,22240-31281,,
ΔΕΛΦΙΝΙ ΙΙ,"


0.3 Χλμ
",1,,info@eviahotel.com,22240-31190,,Μαρμάρι,ΜΑΡΜΑΡΙ ΕΥΒΟΙΑΣ,340 13,,,
ΔΕΛΦΟΙ,,1,,,22260-22242,,Λουτρά Αιδηψού,25ΗΣ ΜΑΡΤΙΟΥ 74,343 00,,,
ΔΕΛΦΟΙ ΠΑΛΛΑΣ,,4,www.delphipalace.gr,kinginiohos@delphxen.cosmotemail.gr,22650-82151,22650-82764,Δελφοί,ΑΠΟΛΛΩΝΟΣ 69,330 54,,,
ΔΕΣΠΟΙΝΑ,"


5 Χλμ
",1,fb hotel despoina,alopou@gmail.com,22260-32510,22260-32552,Γιάλτρα,ΓΙΑΛΤΡΑ ΑΙΔΗΨΟΥ,343 00,22260-32552,,
ΔΗΙΔΑΜΕΙΑ,"


2 Χλμ
",2,hoteldeidamia.voila.net,deidamia@otenet.gr,22220-92008,22220-92009,Σκύρος,,340 07,22220-91142,,
ΔΗΜΗΤΡΑ,"


0.5 Χλμ
",2,,,22350-22413,,Καμένα Βούρλα,ΟΔ. ΑΝΔΡΟΥΤΣΟΥ 25,350 08,,,
ΔΗΜΗΤΡΑ,"


0.1 Χλμ
",2,,dimitrahotel58@gmail.com,22260-23141,22260-23658,Λουτρά Αιδηψού,ΗΡΑΚΛΕΟΥΣ 58,343 00,,2226-023141,2226-023658
ΔΙΑΚΟΠΕΣ ΣΤΗΝ ΕΥΒΟΙΑ,"


3 Χλμ
",3,www.hie-ev.com,,22290-41000,22290-41206,Ερέτρια,ΕΡΕΤΡΙΑ ΕΥΒΟΙΑΣ,340 08,,,
ΔΙΑΜΑΝΤΙ,"


0.02 Χλμ
",2,,mavrozli@yahoo.gr,22260-23311,22260-22288,Λουτρά Αιδηψού,ΦΙΛΕΛΛΗΝΩΝ 8,343 00,22260-23312,2226-022288,2226-022288
ΔΙΑΝΑ,"


0.1 Χλμ
",2,,dianahotel53@yahoo.gr,22350-80944,22350-80946,Καμένα Βούρλα,ΠΑΝΟΥΡΓΙΑ 2,350 08,22350-80945,,
ΔΙΑΝΑ,"


0.05 Χλμ
",2,www.hotel-diana.gr,dianahot@otenet.gr,22260-22194,22260-24727,Λουτρά Αιδηψού,ΑΡΤΕΜΙΣΙΟΥ 26,343 00,2226024727,2226-022194,
ΔΙΕΘΝΕΣ,"


0.1 Χλμ
",3,,hoteldiethnes@gmail.com,22260-23510,22260-23245,Λουτρά Αιδηψού,ΗΡΑΚΛΕΟΥΣ 8,343 00,22260-22510,,
ΔΙΟΝΥΣΙΟΝ ΜΕΛΑΘΡΟΝ,"


1 Χλμ
",2,www.dionysionthiva.gr,stelios@dionysionthiva.gr,22620-81500,22620-81501,Θήβα,ΔΗΜΟΚΡΙΤΟΥ 5-7,322 00,22620-81502,,
ΔΙΟΝΥΣΟΣ,"


0.5 Χλμ
",1,,,22350-22521,,Καμένα Βούρλα,ΙΩΑΝΝΗ ΜΕΤΑΞΑ 6,350 08,22350-23066,,
ΔΙΡΚΗ,"


0.1 Χλμ
",2,,,22260-22443,,Λουτρά Αιδηψού,ΜΕΓ.ΑΛΕΞΑΝΔΡΟΥ 15,343 00,,2226-022443,
ΔΙΡΦΥΣ,"


0.3 Χλμ
",2,,dirfis@otenet.gr,22280-51217,,Στενή Δίρφυος,ΣΤΕΝΗ ΕΥΒΟΙΑΣ,340 14,22280-51370,,
ΔΙΩΝΗ,"


4 Χλμ
",3,www.dioni-skyros.gr,info@dioni-skyros.gr,22220-92199,22220-92499,Σκύρος,ΑΣΠΟΥΣ ΣΚΥΡΟΥ,340 07,22220-92299,21-06134981,
ΔΡΥΑΣ,"


2 Χλμ
",4,http://dryashotel.gr/,info@dryashotel.gr,22370-41115,22370-41131,Μεγάλο Χωριό,ΠΛΑΤΑΝΙΑ ΜΕΓ.ΧΩΡΙΟΥ ΕΥΡΥΤ.,361 00,22370-41132,2237-041131,2237-041133
ΔΡΥΜΝΑ,"


35 Χλμ
",2,www.drymna.gr,drymna@otenet.gr,22660-71204,22660-71304,Τριζόνια,ΝΗΣΟΣ ΤΡΙΖΟΝΙΑ ΔΩΡΙΔΟΣ,330 58,,,
ΔΩΔΩΝΗ,"


0.6 Χλμ
",1,,,22350-22376,22350-32488,Καμένα Βούρλα,ΑΝΔΡΟΥΤΣΟΥ 2,350 08,,6978-402987,2235-032488
ΕΒΗΛΙΟΝ ΧΩΡΙΟ,,3,,,22370-25555,,Καρπενήσι,ΚΑΡΠΕΝΗΣΙ,361 00,,,
ΕΙΡΗΝΗ,"


20 Χλμ
",3,www.hotelirini.gr,hotelirinispa@gmail.com,22260-22634,22260-23337,Λουτρά Αιδηψού,ΒΥΖ.ΑΥΤΟΚΡΑΤΟΡΩΝ 1,343 00,22260-22981,,
ΕΛΑΙΩΝ ΘΡΟΪΣΜΑ,,3,www.ellaeon-throesma.gr,info@ellaeon-throesma.gr,6977722271,,Αγιόκαμπος,,34300,,6977722271,
ΕΛΑΤΟΣ,,2,,,22370-92228,,Δομνίστα,ΔΟΜΝΙΣΤΑ ΕΥΡΥΤΑΝΙΑΣ,360 76,,,
ΕΛΑΤΟΣ,"


25 Χλμ
",4,www.elatosresort.gr,info@elatosresort.gr,22340-61162,22340-61161,Ιταμός,ΙΤΑΜΟΣ ΕΠΤΑΛΟΦΟΥ ΦΩΚΙΔΑΣ,330 57,210-3644666,2103624292,
ΕΛΒΕΤΙΑ,"


1 Χλμ
",3,www.elvetiahotel.gr,elvetia@elvetiahotel.gr,2237022465,22370-80112,Καρπενήσι,ΚΑΡΠΕΝΗΣΙ,361 00,2237080111,,
ΕΛΕΝΑ,"


2 Χλμ
",3,www.hit360.com/elena/gr,elena@hit360.com,22310-25025,22310-29300,Λαμία,ΘΕΡΜΟΠΥΛΩΝ 6,351 00,22310-27175,,
ΕΛΕΝΑ,"


12 Χλμ
",2,www.arkitsa-elenahotel.gr,hot-elen@otenet.gr,22330-91343,22330-91543,Αρκίτσα,ΑΡΚΙΤΣΑ ΦΘΙΩΤΙΔΟΣ,352 00,22330-91543,6944-525386,22330-90020
ΕΛΛΑΣ,,2,,,22260-22295,,Λουτρά Αιδηψού,ΘΕΡΜΟΠΟΤΑΜΟΥ 11,343 00,,,
ΕΛΛΗΝΩΝ ΘΕΑ,,4,www.ellinonthea.com/arachova/,arachova@ellinonthea.gr,2267032115,2267031161,Αράχοβα,ARACHOVA,320 04,,,
ΕΛΛΙΑΝΑ,"


0.2 Χλμ
",1,,hotelelliana@gmail.com,22260-22011,,Λουτρά Αιδηψού,ΗΡΑΚΛΕΟΥΣ 51,343 00,22260-24646,2226-024646,
ΕΛΛΟΠΙΑ,"


0.5 Χλμ
",2,,hotelellopia@gmail.com,22260-23222,22260-22372,Λουτρά Αιδηψού,ΗΡΑΚΛΕΟΥΣ 32,343 00,22260-23444,,
ΕΛΠΙΔΑ,"


0.6 Χλμ
",3,www.hotel-elpida.com,hotel_elpida@yahoo.com,22350-31963,22350-32363,Άγιος Κωνσταντίνος,,350 06,,,
ΕΛΥΜΝΙΟΝ ΡΗΖΟΡΤ,,4,www.elimnionresort.gr,ikvlahos@gmail.com,22270-32023,,Χρόνια,,340 05,,,
ΕΝΑ,"


0.1 Χλμ
",2,www.hotelena.gr,hotelena@gmail.com,22310-59108,22310-59317,Λουτρά Υπάτης,ΛΟΥΤΡΑ ΥΠΑΤΗΣ,350 16,210-2928047,21-02928047,
ΕΝΑΛΙΑ ΓΗ,,3,www.enaliagihotel.gr,enaliagi@otenet.gr,22270-32004,,Λίμνη,ΣΗΠΙΑΔΑ ΛΙΜΝΗΣ,340 05,22270-32006,,
ΕΝΝΕΑ ΒΑΣΙΛΙΣΣΕΣ,,3,9queens.gr,skourtanioti_spa@yahoo.gr,22260-22328,,Λουτρά Αιδηψού,ΦΡΥΝΗΣ 9,343 00,,,
ΕΝΤΕΛΒΑΙΣ,"


8 Χλμ
",2,,,22330-31200,,Λιβανάτες,ΛΕΙΒΑΝΑΤΕΣ ΦΘΙΩΤΙΔΑΣ,350 07,,,
ΕΡΑΤΩ,"


4 Χλμ
",2,,,22330-91270,,Αρκίτσα,ΑΡΚΙΤΣΑ ΦΘΙΩΤΙΔΟΣ,352 00,22330-91968,2233-091258,
ΕΡΑΤΩ,"


18 Χλμ
",2,,erato1959@yahoo.gr,22260-22764,,Λουτρά Αιδηψού,ΗΡΑΚΛΕΟΥΣ 81,343 00,,2226-022764,
ΕΡΕΤΡΙΑ ΒΙΛΛΑΤΖ,"


3 Χλμ
",4,,,22290-41000,22290-41206,Μαγούλα,ΜΑΓΟΥΛΑ ΕΡΕΤΡΙΑΣ ΕΥΒΟΙΑΣ,340 08,,,
ΕΡΜΗΣ,"


0.05 Χλμ
",3,https://ermisspahotel.gr/,ermisspahotel@gmail.com,22260-22233,22260-23493,Λουτρά Αιδηψού,ΕΡΜΟΥ 12,343 00,22260-22338,22260-22981,22260-22634
ΕΡΜΗΣ,"


0.2 Χλμ
",3,www.hermeshotel.com.gr,drosero1@otenet.gr,22650-82318,22650-82639,Δελφοί,ΒΑΣΙΛΕΩΣ ΠΑΥΛΟΥ 27,330 54,22650-82163,,
ΕΡΜΗΣ,"


0.1 Χλμ
",2,http://hotelermisloutraypatis.terapad.com,hotelermislyp@yahoo.gr,22310-59250,,Λουτρά Υπάτης,ΛΟΥΤΡΑ ΥΠΑΤΗΣ,350 16,,,
ΕΡΩΧΟΣ,"


9 Χλμ
",2,www.eroxos.gr,info@eroxos.gr,22340-29610,22340-51990,Πολύδροσος,,330 51,6937-305800,,
ΕΣΚΑΠΑΝΤ-ΑΠΟΔΡΑΣΗ,,3,https://escapadeluxuryresidences.com/,info@escapadeluxuryresidences.com,2237023105,,Καρπενήσι,,36100,,,
ΕΣΠΕΡΙΑ,"


0.3 Χλμ
",2,,,22310-59151,22310-59650,Λουτρά Υπάτης,ΛΟΥΤΡΑ ΥΠΑΤΗΣ,350 16,22310-59650,,
ΕΥΒΟΙΑ,,3,www.eviahotel.com,info@eviahotel.com,22240-31414,,Μαρμάρι,ΜΑΡΜΑΡΙ,340 13,,,
ΕΥΒΟΙΚΗ ΑΚΤΗ,"


8 Χλμ
",3,www.evvoiki-akti.gr,info@evvoiki-akti.gr,22280-31121,22280-31064,Πολιτικά,ΠΟΛΙΤΙΚΑ ΕΥΒΟΙΑΣ,344 00,22280-31170,2228-031104,
ΕΥΔΙΟΝ,"


5 Χλμ
",1,www.evdionhotel.gr,evdionhotel@yahoo.gr,22260-71921,,Ωρεοί,ΩΡΕΟΙ ΕΥΒΟΙΑΣ,340 12,,,
ΕΥΜΟΡΦΙΑ,,2,,,22260-24001,22260-22004,Λουτρά Αιδηψού,ΗΡΑΚΛΕΟΥΣ 19,343 00,,,
ΕΥΡΩΠΗ,"


2 Χλμ
",2,,europe.dimi@yahoo.gr,22260-32311,,Γιάλτρα,,343 00,22260-32545,,
ΕΥΡΩΠΗ ΜΠΗΤΣ,"


2 Χλμ
",4,www.hoteleuropabeach.gr,info@hoteleuropabeach.gr,22650-42288/9,22650-41364,Γαλαξίδι,ΓΑΛΑΞΙΔΙ ΦΩΚΙΔΑΣ,330 52,,,22650-82639
ΕΥΣΤΑΘΙΟΥ,,2,,,22350-23167,,Καμένα Βούρλα,ΠΑΝΟΥΡΓΙΑ 14,350 08,,,
ΕΥΣΤΡΑΤΙΟΣ,"


30 Χλμ
",2,www.efstratioshotel.gr,efstratioshotel@gmail.com,22260-22462,22260-22462,Λουτρά Αιδηψού,ΒΥΖ.ΑΥΤΟΚΡΑΤΟΡΩΝ 7,343 00,,2226-022462,
ΕΦΗ,,2,,,22220-29137,,Άνω Κουρούνι,ΑΝΩ ΚΟΥΡΟΥΝΙ ΕΥΒΟΙΑΣ,340 16,,,
ΖΑΓΚΑΣ,"


0.1 Χλμ
",1,,drosoulgerostamoulou@hotmail.com,22270-71012,22270-71213,Ροβιές,ΡΟΒΙΕΣ ΕΥΒΟΙΑΣ,340 05,22270-71432,00049-614213115,
ΖΑΚΑΣ,"


12 Χλμ
",2,,,22340-49279,,Κάτω Τιθορέα,ΚΑΤΩ ΤΙΘΟΡΕΑ ΦΘΙΩΤΙΔΟΣ,350 15,22340-49598,,
ΖΕΜΕΝΟ,"


5 Χλμ
",2,www.hanizemenou.gr,hanizemenou@gmail.com,22670-31881,,Ζεμενό Αράχοβας,ΖΕΜΕΝΟ ΒΟΙΩΤΙΑΣ,320 04,22670-31204,,
ΖΕΥΣ,"


2 Χλμ
",3,www.eviatravel.gr,hotel.zeus@yahoo.com,22240-25755,22240-29011,Κάρυστος,ΑΛΑΜΑΝΕΪΚΑ,340 01,22240-25700,,
Η ΚΥΡΙΝΘΟΣ,"


5 Χλμ
",2,,,22270-23660,,Κρύα Βρύση,,340 04,22270-23662,,
Η ΟΑΣΙΣ ΣΤΗΝ ΘΑΛΑΣΣΑ,"


5 Χλμ
",3,www.i-oasi.com,die-oase@otenet.gr,26340-38120,26340-38123,Χιλιαδού,ΧΙΛΙΑΔΟΥ ΦΩΚΙΔΑΣ,330 56,,,
ΗΛΕΚΤΡΑ,"


0.05 Χλμ
",2,,ilektrahotel@gmail.com,2226022056,2226023030,Αιδηψός,ΦΙΛΕΛΛΗΝΩΝ 11,343 00,2226022201,2226-023030,
ΗΛΙΑ ΘΑΛΑΣΣΑ,"


8 Χλμ
",3,www.ilia-mare.gr,iliamare@ilia-mare.gr,2226-060551,22260-22849,Ήλια,ΗΛΙΑ ΑΙΔΗΨΟΥ,343 00,2226024404,22260-60551,22260-22849
ΗΛΙΑΧΤΙΔΕΣ,"


30 Χλμ
",3,www.iliahtides.gr,sunrays@otenet.gr,22290-37215,22290-37605,Αμάρυνθος,ΑΝΔΡ. ΚΥΡΗΚΟΥ 1,340 06,22290-37605,,
ΗΛΙΟΒΑΣΙΛΕΜΑ,,2,www.sunset-styra.gr,sunsetstyrahotel@gmail.com,22240-41318,,Στύρα,,340 15,22240-51565,,
ΗΝΙΟΧΟΣ,,3,www.delphi-hotel-iniohos.gr,reservations@delphi-hotel-iniohos.gr,22650-82710,22650-82480,Δελφοί,ΒΑΣΙΛΕΩΣ ΠΑΥΛΟΥ  &  ΦΡΕΙΔΕΡΙΚΗΣ 19,330 54,,,
ΗΡΑΚΛΕΙΟΝ,"


20 Χλμ
",3,,,22260-22245,,Λουτρά Αιδηψού,ΡΕΜΜΗΣ 7,343 00,,2221-077554,2221-077554
ΗΡΙΔΑΝΟΣ,"


2 Χλμ
",3,www.hoteliridanos.gr,info@hoteliridanos.gr,22670-41319,22670-42319,Αντικύρα,25ΗΣ ΜΑΡΤΙΟΥ 82,320 12,,,
ΘΑΛΑΣΣΑ,"


0.5 Χλμ
",3,www.thalasahotel.gr,info@thalasahotel.gr,22260-60200,22260-60721,Λουτρά Αιδηψού,28ΗΣ ΟΚΤΩΒΡΙΟΥ 16,343 00,,6944-573961,
ΘΑΛΑΣΣΑ,,3,,,22660-32050,,Παραλία Τολοφώνος,,330 58,,,
ΘΑΛΑΣΣΑ ΚΑΡΥΣΤΟΥ,"


1.5 Χλμ
",2,www.karistosmare.gr,info@karystosmare.gr,22240-24991,22240-26079,Κάρυστος,ΑΝΑΤΟΛ.ΠΕΡΙΜΕΤΡΙΚΗ 7,340 01,22240-25005,2224-022465,
ΘΑΛΑΤΤΑ ΠΑΡΑΘΑΛΑΣΣΙΟ,"


20 Χλμ
",4,www.thalattahotel.gr,come@thalattahotel.gr,22270-97397,22270-97398,Αγία Άννα,ΠΑΡΑΛΙΑ ΑΓΙΑΣ ΑΝΝΑΣ,340 10,,210-3615844,210-3606738
ΘΑΛΕΙΑ,,1,,thaliafalaina@hotmail.com,22350-80783,,Καμένα Βούρλα,ΠΑΝΟΥΡΓΙΑ 12,350 08,6977952297,210-6135637,
ΘΕΑ,,3,www.marmarithea.gr,hotel@marmarithea.gr,2224032306,,Μαρμάρι,,34013,,,
ΘΕΑΣΙΣ,,3,www.hoteltheasis.gr,hoteltheasis@gmail.com,26340-91533,26340-91533,Σεργούλα,ΣΕΡΓΟΥΛΑ ΕΥΠΑΛΙΟΥ ΦΩΚΙΔΑΣ,330 56,,,
ΘΕΜΙΣ,"


0.3 Χλμ
",2,,themis.txe@gmail.com,22260-22404,,Λουτρά Αιδηψού,ΘΕΡΜΟΠΟΤΑΜΟΥ 8,343 00,22260-22044,21-07779723,
ΘΕΡΜΑΙ ΣΥΛΛΑ,"


15 Χλμ
",5,www.thermaesylla.gr,info@thermaesylla.gr,22260-60100,22260-22055,Λουτρά Αιδηψού,ΠΟΣΕΙΔΩΝΟΣ 2,343 00,,2102110601,2102110603
ΘΕΡΜΟΠΥΛΑΙ,"


0.5 Χλμ
",1,HOTEL-THERMOPYLES.gr,zoi-taki@otenet.gr,22310-21366,,Λαμία,ΡΟΖΑΚΗ ΑΓΓΕΛΗ 36,351 00,22310-26393,,
ΘΟΛΟΣ,"


0.25 Χλμ
",2,www.tholoshotel.com,hotel_tholos@yahoo.gr,22650-82268,,Δελφοί,ΑΠΟΛΛΩΝΟΣ 31,330 54,,2265-082268,
ΙΑΣΜΟΣ,,3,www.trizonia-iasmos.gr,info@trizonia-iasmos.gr,22660-71301,22660-71177,Τριζόνια,,330 58,,,
ΙΚΑΡΟΣ,"


0.4 Χλμ
",2,,,22260-22098,22260-60500,Λουτρά Αιδηψού,ΘΕΡΜΟΠΟΤΑΜΟΥ 14,343 00,22260-24118,,
ΙΛΙΟΝ,"


0.02 Χλμ
",2,www.@ilionspahotel.gr,info@ilionspahotel.gr,22260-22390,,Λουτρά Αιδηψού,ΦΙΛΕΛΛΗΝΩΝ 41,343 00,22260-22690,2310-341631,
ΙΟΝ,"


0.2 Χλμ
",2,,pennykaltsi@yahoo.com,2235022707,2235022707,Καμένα Βούρλα,ΑΘΑΝ.ΔΙΑΚΟΥ 5,350 08,2231061159,,
ΙΠΠΟΚΑΜΠΟΣ,,2,,,22330-91663,,Αρκίτσα,ΛΙΒΡΙΧΙΟ,352 00,,,
ΙΣΤΙΑΙΑ,"


0.5 Χλμ
",3,http://www.istiaiahotel.com/istiaia-hotel.html,kaloustparagamian@gmail.com,22260-22049,22260-24444,Λουτρά Αιδηψού,ΟΔΟΣ ΞΗΡΟΧΩΡΙΟΥ,343 00,22260-22309,,
ΙΦΙΓΕΝΕΙΑ,"


1 Χλμ
",2,www.kamena-vourla.com/ifigenia.htm,ifigeniakamena@yahoo.gr,2235022229,,Καμένα Βούρλα,ΚΝΗΜΙΔΟΣ 2,350 08,2235023516,2235-022229,
ΚΑΒΟΣ ΦΩΚΙΔΟΣ,,3,www.cavosfokidos.gr,info@cavosfokidos.gr,26340-38319,,Χιλιαδού,ΘΕΣΗ ΣΟΥΔΑ-ΡΟΓΚΑΔΕΣ,330 56,26347-74825,,
ΚΑΖΑ ΛΑΪΟΣ,"


12 Χλμ
",2,www.casa-laios-hiliadou.gr,velioslaios@gmail.com,22280-24333,22210-83876,Παραλία Χιλιαδού,,340 14,,2221-075754,2221-083876
ΚΑΛΑΦΑΤΗ,"


1 Χλμ
",3,www.hotelkalafati.gr,contact@hotelkalafati.gr,22650-32294,22650-32986,Ιτέα,ΙΤΕΑ,332 00,22650-32295,,
ΚΑΛΛΙΘΕΑ,"


20 Χλμ
",2,www.hotelkallithea.gr,info@hotelkallithea.gr,2226024076,2226024350,Λουτρά Αιδηψού,ΗΡΩΩΝ ΠΟΛΥΤΕΧΝΕΙΟΥ 16,343 00,6977140780,6932932639,
ΚΑΛΛΙΠΟΛΙΣ,"


0.1 Χλμ
",3,,hotel_kallipolis@hotmail.gr,22660-22880,22660-22700,Λιδωρίκι,ΛΙΔΟΡΙΚΙ Ν.ΦΩΚΙΔΑΣ,330 53,6944-560161,,
ΚΑΛΥΨΩ,"


17 Χλμ
",2,,vitiniot@otenet.gr,22260-24744,22260-24003,Λουτρά Αιδηψού,ΗΡΑΚΛΕΟΥΣ 89,343 00,22260-24003,21-09716767,21-09702018
ΚΑΜΙΝΟΣ ΘΕΡΕΤΡΟ,,4,www.kaminoshotel.com,info@kaminoshotel.com,22270-31000,22270-31178,Λίμνη,ΒΟΡΙΑ ΡΕΜΜΑ ΛΙΜΝΗΣ,340 05,22270-31470,,
ΚΑΜΠΑΝΕΣ,,4,www.clubagiaanna.gr,info@clubagiaanna.gr,22270-97250,22270-97100,Αγία Άννα,ΠΑΡΑΛΙΑ ΑΓΙΑΣ ΑΝΝΑΣ,340 10,2103602202,,
ΚΑΝΔΗΛΙ,,3,,info@candili.gr,22270-41298,,Προκόπι,,340 04,,,
ΚΑΝΤΡΙ ΚΛΑΜΠ ΧΟΤΕΛ ΚΑΙ ΣΟΥΙΤΕΣ,"


5 Χλμ
",2,https://acrosshotels.gr/countryclubhotel/,countryclub@across.gr,22370-41582,2310476132,Νέο Μικρό Χωριό,ΝΕΟ ΜΙΚΡΟ ΧΩΡΙΟ ΕΥΡΥΤΑΝΙΑ,360 75,22370-41372,2310476131,2310476132
ΚΑΠΟΛΟΣ,"


20 Χλμ
",3,www.kapolos.gr,info@kapolos.gr,22260-23331,2226023332,Λουτρά Αιδηψού,ΕΡΜΟΥ 80,343 00,22260-23371,2226-060301,
ΚΑΠΡΙ,"


20 Χλμ
",2,,,22260-22496,,Λουτρά Αιδηψού,Λ.ΑΙΔΗΨΟΥ ΕΥΒΟΙΑΣ,343 00,22260-23296,6946-132220,
ΚΑΠΤΑΙΝ ΤΖΙΜΗΣ,"


20 Χλμ
",2,,,26340-91050,26340-91051,Μαραθιάς,ΜΑΡΑΘΙΑ ΦΩΚΙΔΑΣ,330 56,26340-91234,2634-091234,2634-091051
ΚΑΡΑΧΑΛΙΟΣ,,3,,gkarach@otenet.gr,22340-51116,,Πολύδροσος,ΠΟΛΥΔΡΟΣΟ ΠΑΡΝΑΣΙΔΟΣ,330 51,22340-51773,,
ΚΑΡΥΣΤΕΙΟΝ,"


0.5 Χλμ
",2,www.karystion.gr,info@karystion.gr,22240-22191,22240-22727,Κάρυστος,ΚΑΡΥΣΤΟΣ,340 01,22391,2224-022465,2224-022727
ΚΑΡΥΣΤΟΣ ΝΗΣΑΚΙ,"


4 Χλμ
",3,,nisaki@otenet.gr,22240-26108,22240-25321,Αετός,,340 01,,,
ΚΑΣΤΑΛΙΑ,"


15 Χλμ
",4,www.kastaliahotel.gr,management@kastaliahotel.gr,2265082205,,Δελφοί,ΒΑΣΙΛΕΩΣ ΠΑΥΛΟΥ & ΦΡΕΙΔΕΡΙΚΗΣ 13,330 54,,210-6983833,210-6983388
ΚΑΣΤΑΝΕΑ,,3,www.kastanea.gr,info@kastanea.gr,22370-21210,,Άγιος Νικόλαος,,361 00,,,
ΚΑΣΤΕΛΟ ΡΟΣΣΟ,"


5 Χλμ
",3,www.castellorosso-hotel.gr,castellorosso_hotel@hotmail.gr,22240-41547,22240-41780,Νέα Στύρα,Ν.ΣΤΥΡΑ ΕΥΒΟΙΑΣ,340 15,,2224-041547,2224-041780
ΚΑΣΤΡΙ,"


0.25 Χλμ
",2,www.hotel-castri.com,avgeri@hotel-castri.com,22650-82238,22650-82322,Δελφοί,ΣΥΓΓΡΟΥ 23,330 54,210-9624317,21-09624317,21-09623816
ΚΑΣΤΡΙ,"


20 Χλμ
",2,www.hotelkastri.gr,hotelkastri@hotmail.gr,22260-23516,22260-24137,Λουτρά Αιδηψού,ΠΛΑΤΑΝΩΝ 4,343 00,22260-24137,21-05571237,
ΚΑΣΤΡΙ ΕΝΑ,,2,www.hotel-castri.com,avgeri@hotel-castri.com,2265082236,,Δελφοί,ΣΥΓΓΡΟΥ 21,33054,,,
ΚΑΣΤΡΟ ΛΙΛΑΙΑΣ,"


10 Χλμ
",3,www.kastrolilaias.gr,marianthie_87@hotmail.com,22340-51320,22340-52068,Γραβιά,ΓΡΑΒΙΑ ΛΙΛΑΙΑ ΦΩΚΙΔΟΣ,330 57,,2234-051323,2234-052077
ΚΑΤ.ΕΛ,"


2.5 Χλμ
",2,,apythoulas@gmail.com,22260-22589,,Λουτρά Αιδηψού,ΠΑΡΑΛΙΑΚΗ ΑΓ.ΝΙΚΟΛΑΟΥ,343 00,,2221-081735,2221-081705
ΚΑΤΕΡΙΝΑ,"


0.05 Χλμ
",1,,katerinahoteledipsos@gmail.com,22260-23020,22260-23666,Λουτρά Αιδηψού,ΦΙΛΕΛΛΗΝΩΝ 12,343 00,22260-23060,2226-023060,2226-023666
ΚΑΤΕΡΙΝΑ,"


14 Χλμ
",2,,info@amarynthosresort.com,22290-36502,,Βασιλικό,,340 08,,,
ΚΑΤΕΡΙΝΑ,"


18 Χλμ
",2,www.bungalowskaterina.gr,info@bungalowskaterina.gr,22270-71204,22270-71396,Ροβιές,ΡΟΒΙΕΣ ΕΥΒΟΙΑΣ,340 05,,2227-071204,2227-071396
ΚΑΤΕΡΙΝΑ,"


0.03 Χλμ
",2,www.hotelkaterina.gr,,22310-83009,22310-26804,Παύλιανη,ΠΑΥΛΙΑΝΗ ΦΘΙΩΤΙΔΑΣ,351 00,22310-34618,,
ΚΕΝΤΡΙΚΟΝ,"


20 Χλμ
",3,www.kentrikonhotel.com,info@kentrikonhotel.com,22260-22302,22260-22046,Λουτρά Αιδηψού,25ΗΣ ΜΑΡΤΙΟΥ 14,343 00,22260-22502,2226-023060,2226-022046
ΚΕΝΤΡΙΚΟΝ,"


0.5 Χλμ
",2,,kentrikonhalkida@gmail.com,22210-22375,22210-62849,Χαλκίδα,ΑΓΓΕΛΗ ΓΟΒΙΟΥ 5,341 00,22210-27260,,
ΚΝΩΣΣΟΣ,"


22 Χλμ
",2,,,22260-22460,22260-22175,Λουτρά Αιδηψού,ΒΥΖΑΝΤΙΝΩΝ ΑΥΤΟΚΡΑΤΟΡΩΝ 19,343 00,,,
ΚΟΡΑΛΙ,"


25 Χλμ
",1,,,22260-22646,,Λουτρά Αιδηψού,ΛΟΥΤΡΑ ΑΙΔΗΨΟΥ,343 00,,2226-023675,
ΚΟΡΑΛΙ,"


5 Χλμ
",2,www.coralihotel.gr,info@coralihotel.gr,22220-22212,22220-23353,Κύμη,ΚΥΜΗ ΕΥΒΟΙΑΣ,340 03,,,
ΚΟΡΑΛΙ,"


0.02 Χλμ
",3,www.corali.gr,almiropotamoskorali@yahoo.gr,22230-54014,,Κάρυστος,ΑΛΜΥΡΟΠΟΤΑΜΟΣ,340 15,6934-326700,6934-326700,6932396020
ΚΟΥΚΟΝΑΣ,"


30 Χλμ
",2,www.koukonas.gr,info@koukonas.gr,2265041179,22650-41179,Γαλαξίδι,ΓΑΛΑΞΕΙΔΙ ΦΩΚΙΔΑΣ,330 52,,,
ΚΟΥΡΟΣ,"


20 Χλμ
",3,www.kouroshotel.gr,htlkouros@gmail.com,2265-082629,2265-082843,Δελφοί,Β.ΠΑΥΛΟΥ  &  ΦΡΕΙΔΕΡ.58,330 54,,,
ΚΟΥΤΡΙΑΡΗΣ,"


0.5 Χλμ
",1,,ikoutriaris@yahoo.gr,2267-022268,2267-022267,Δίστομο,ΠΛΑΤ.ΕΘΝΙΚΗΣ ΑΝΤΙΣΤΑΣΗΣ 6,320 05,2267-022511,,
ΚΡΟΚΥΛΕΙΟ,"


1 Χλμ
",1,www.krokilio.gr,krokilio.gr@gmail.com,22660-41500,22660-41150,Κροκύλειο,ΚΡΟΚΥΛΕΙΟ ΦΩΚΙΔΑΣ,330 61,22660-41501,,
ΚΤΗΜΑ ΚΑΡΑΣΣΟΥ,"


2 Χλμ
",3,www.ktimakarassou.gr,info@ktimakarassou.gr,22350-24370,22350-24371,Καινούργιο,ΠΑΡΑΛΙΑ,350 09,,,
ΚΥΑΝΗ ΑΚΤΗ,"


10 Χλμ
",2,,Kyaniakti2010@gmail.com,22260-31083,22260-31278,Αγιόκαμπος,,343 00,,,
ΚΥΚΛΑΜΙΝΟ,,3,,korys@otenet.gr,22370-21101,22370-21317,Κορυσχάδες,ΚΟΡΥΣΧΑΔΕΣ ΚΑΡΠΕΝΗΣΙΟΥ,361 00,,,
ΚΥΝΑΙΟΝ,"


0.2 Χλμ
",1,,thanasisjj@hotmail.gr,22260-33066,,Άγιος Γεώργιος,,343 00,22260-33145,2226-033145,
ΚΥΠΡΑΙΟΣ,"


35 Χλμ
",2,http://hotelkypreos.gr/,renakypreou@gmail.com,22350-22315,22350-22915,Καμένα Βούρλα,ΓΕΡΑΣΙΜΟΥ ΒΑΣΙΛΕΙΑΔΗ 79,350 08,22350-23075,,
ΚΥΠΡΙΑΝΟΣ,"


18 Χλμ
",2,,kiprianoshotel@gmail.com,22260-24114,,Λουτρά Αιδηψού,ΗΡΑΚΛΕΟΥΣ 85,343 00,,,
ΚΥΡΙΑΚΗ,"


0.15 Χλμ
",4,https://www.sunday-hotel.gr/en/,dimitrispagkakis@gmail.com,22240-41300,,Νέα Στύρα,,340 15,22240-41320,2224-041300,2224-041205
ΚΥΡΙΑΚΗ,"


1 Χλμ
",4,www.xenonaskiriaki.gr,info@xenonaskiriaki.gr,22340-29011,22340-29012,Αμφίκλεια,ΑΜΦΙΚΛΕΙΑ ΦΘΙΩΤΙΔΑΣ,350 02,,,
ΚΩΝΙΣΚΟΣ,"


2 Χλμ
",3,koniskos.gr,koniskos@gmail.com,22370-21545,22370-21535,Γοριανάδες,ΓΟΡΙΑΝΑΔΕΣ ΚΑΡΠΕΝΗΣΙΟΥ,361 00,22370-21535,,
ΛΑΙΝΑΣ,"


17 Χλμ
",1,,,22310-59550,,Λουτρά Υπάτης,ΛΟΥΤΡΑ ΥΠΑΤΗΣ,350 16,,2231-038906,
ΛΕΒΑΔΕΙΑ,,4,www.levadiahotel.gr,info@levadiahotel.gr,22610-23611/7,22610-28266,Λιβαδειά,ΠΛ.ΛΑΜΠΡΟΥ ΚΑΤΣΩΝΗ 4,321 00,,,
ΛΕΥΚΑΝΤΙ,"


2 Χλμ
",2,www.hotel-lefkadi.gr,info@hotel-lefkadi.gr,22210-51875,22210-55990,Βασιλικό,,340 02,22210-50775,,
ΛΕΥΚΟΝ ΟΡΟΣ,"


0.5 Χλμ
",1,,,22370-80330,22370-80332,Καρπενήσι,ΕΘΝΙΚΗΣ ΑΝΤΙΣΤΑΣΕΩΣ 2,361 00,22370-22322,,
ΛΕΦΑΣ,,3,https://hotel-lefas-delphi.ibooked.gr/,lefashotelrestaurant@hotmail.com,22650-82324,22650-82601,Δελφοί,ΒΑΣΙΛΕΩΣ ΠΑΥΛΟΥ 17,330 54,22650-82874,,
ΛΕΩΝΙΔΑΣ,"


0.3 Χλμ
",1,,d1zigouros@gmail.com,22340-22544,22340-22234,Αμφίκλεια,ΑΜΦΙΚΛΕΙΑ,350 02,22340-22234,,
ΛΗΔΑ,"


0.1 Χλμ
",1,,,22350-22267,,Καμένα Βούρλα,ΓΕΡΑΣΙΜΟΥ ΒΑΣΙΛΕΙΑΔΗ 3,350 08,,2235-022267,
ΛΗΤΩ,"


22 Χλμ
",3,www.litohotel.gr,litotel1@otenet.gr,22260-22204,22260-22081,Λουτρά Αιδηψού,ΕΡΜΟΥ 25,343 00,22260-22274,,
ΛΗΤΩ,,3,www.leto-delphi.gr,info@leto-delphi.gr,22650-82302,22650-82303,Δελφοί,ΑΠΟΛΛΩΝΟΣ 15,330 54,,,
ΛΙΒΡΙΧΙΟ,,2,,,22330-91663,,Αρκίτσα,ΛΙΒΡΙΧΙΟ,352 00,,,
ΛΙΜΝΗ,"


0.01 Χλμ
",2,,hlimni@otenet.gr,22270-31316,,Λίμνη,ΛΙΜΝΗ ΕΥΒΟΙΑΣ,340 05,,2227-031378,
ΛΟΥΛΑ,"


1 Χλμ
",2,www.hotelloula.gr,hotel.loula@gmail.com,22350-22784,22350-22784,Καμένα Βούρλα,28ΗΣ ΟΚΤΩΒΡΙΟΥ 8,350 08,6978365863,6977732796,2235022784
ΛΟΥΞ,"


0.1 Χλμ
",2,www.hotel-lux.gr,luxipati@gmail.com,22310-59551,22310-59520,Λουτρά Υπάτης,ΛΟΥΤΡΑ ΥΠΑΤΗΣ,350 16,,,
ΛΟΥΣΥ,"


0.5 Χλμ
",4,www.lucy-hotel.gr,reception@lucy-hotel.gr,22210-23831,22210-22051,Χαλκίδα,Λ.ΒΟΥΔΟΥΡΗ 10,341 00,22210-23835,2221-023831,2221-022631
ΛΥΚΟΥΡΕΣΙ ΧΩΡΙΟ,"


2 Χλμ
",2,www.likouresivillage.gr,lykvilla@otenet.gr,22370-80702,22370-80703,Καρπενήσι,ΚΑΤΩ ΜΕΣΟΧΩΡΑ - ΚΑΡΠΕΝΗΣΙ,361 00,6974-962328,,
ΛΥΚΩΡΕΙΑ,"


0.2 Χλμ
",4,www.likoria.gr,info@likoria.gr,2267031180,22670-32590,Αράχοβα,ΑΡΑΧΩΒΑ ΒΟΙΩΤΙΑΣ,320 04,2267032132,,
ΜΑΓΔΑ,"


0.3 Χλμ
",2,,spyros_ag@yahoo.com,22260-22519,,Λουτρά Αιδηψού,ΗΡΑΚΛΕΟΥΣ 34,343 00,22260-22937,2226-022519,
ΜΑΚΚΑΣ,"


5 Χλμ
",2,,hotelmakkas@yahoo.gr,22370-31350,22370-31350,Κρέντης,,360 71,,,
ΜΑΜΑΣ,"


2 Χλμ
",2,,,22240-24387,,Κάρυστος,ΚΑΡΥΣΤΟΣ,340 01,22240-24388,2224-022096,
ΜΑΝΟΛΙΑ,"


20 Χλμ
",2,www.hotel-magnolia.gr,antigoni@hotel-magnolia.gr,22260-23955,22260-23952,Λουτρά Αιδηψού,ΘΕΡΜΟΠΟΤΑΜΟΥ  &  ΦΙΛΕΛΛΗΝΩΝ,343 00,,2461-031313,2461-035955
ΜΑΝΤΕΙΟΝ,"


0.25 Χλμ
",2,,,22650-82326,,Δελφοί,ΒΑΣΙΛΕΩΣ ΠΑΥΛΟΥ 14,330 54,22650-82691,2265-082691,2265-082695
ΜΑΡΑΒΙΛΙΑ ΑΡΤ,,2,,maravellia.arthotel@gmail.com,22260-60525,2226060525,Λουτρά Αιδηψού,ΛΟΥΤΡΑ ΑΙΔΗΨΟΥ,343 00,,,
ΜΑΡΒΗ,"


0.05 Χλμ
",2,,tragogiannis@gmail.com,22350-22377,22350-22377,Καμένα Βούρλα,ΑΓ.ΝΙΚΟΛΑΟΥ 22,350 08,,,
ΜΑΡΓΚΙΤ,"


2 Χλμ
",3,www.margit.gr,info@margit.gr,22370-25646,22370-22580,Καρπενήσι,ΠΑΡΟΔΟΣ ΧΡΥΣΗΣ ΚΑΤΣΑΜΠΑ,361 00,,,
ΜΑΡΙΑ,"


2 Χλμ
",3,,plitsosnikos2@yahoo.gr,22670-31803,22670-31069,Αράχοβα,ΑΡΑΧΩΒΑ ΒΟΙΩΤΙΑΣ,320 04,,,
ΜΑΡΙΑ-ΛΟΥΙΖΑ,,3,www.marialouiza.gr,marialouizahotel@gmail.com,22260-40541,22260-41686,Πευκί,ΠΕΥΚΙ ΕΥΒΟΙΑΣ,342 00,22260-40542,210-7669882,
ΜΑΡΜΑΡΙ,"


12 Χλμ
",3,www.marmaribay.gr,info@marmaribay.gr,22240-31301,22240-31303,Μαρμάρι,ΜΑΡΜΑΡΙ ΕΥΒΟΙΑΣ,340 13,22240-31302,2224-031301,2224-031303
ΜΕΛΕΓΟΣ,"


4 Χλμ
",3,,,22370-25578,22370-23538,Άγιος Νικόλαος,4  ΚΑΡΠΕΝΗΣΙ ΛΑΜΙΑΣ,361 00,,,
ΜΕΛΕΤΙΟΥ,"


1 Χλμ
",2,www.hotelmeletiou.gr,meletiou@windowslive.com,22620-27333,22620-23334,Θήβα,ΕΠΑΜΕΙΝΩΝΔΟΥ 58,322 00,22620-22111,,
ΜΕΛΙΚΑΡΙ,"


1.5 Χλμ
",2,www.melikari.com,melikari@otenet.gr,22220-91421,22220-92421,Σκύρος,ΣΤΕΝΟΣ ΚΑΜΠΟΣ ΣΚΥΡΟΥ,340 07,22220-92421,,
ΜΕΡΣΕΣ,"


2 Χλμ
",2,www.merses.gr,info@merses.gr,22370-41444,22370-41111,Μικρό Χωριό,ΜΙΚΡΟ ΧΩΡΙΟ ΕΥΡΥΤΑΝΙΑΣ,360 75,,,
ΜΕΣΟΣΤΡΑΤΙ,,3,www.mesostrati.com,athinabzevgoula@yahoo.gr,22370-41118,,Μεγάλο Χωριό,,361 00,,,
ΜΕΤΟΧΙ,"


2.5 Χλμ
",3,www.metohi-chalet.gr,metohi.chalet@gmail.com,22650-91194,22650-91194,Γραβιά,ΓΡΑΒΙΑ,330 57,6977-876211,,
ΜΕΤΡΟΠΟΛ,"


20 Χλμ
",2,,,22260-23170,,Λουτρά Αιδηψού,Λ.ΑΙΔΗΨΟΥ ΕΥΒΟΙΑΣ,343 00,22260-23173,2226-023170,
ΜΗΘΩ,"


20 Χλμ
",3,www.mitho-hotel-aidipsos.com,info@mitho-hotel-aidipsos.com,22260-22370,22260-22780,Λουτρά Αιδηψού,ΛΟΥΤΡΑ ΑΙΔΗΨΟΥ,343 00,,21-09331171,
ΜΙΝΩΣ,"


0.3 Χλμ
",2,,,22260-22294,22260-22720,Λουτρά Αιδηψού,ΒΥΖΑΝΤΙΝΩΝ ΑΥΤΟΚΡΑΤΟΡΩΝ 5,343 00,22260-22720,,
ΜΙΡΑΜΑΡΕ,"


4 Χλμ
",4,www.miramare-eretria.gr,info@miramare-eretria.gr,22290-61134,22290-61190,Μαγούλα,ΜΑΓΟΥΛΑ ΕΥΒΟΙΑΣ,340 08,22290-61112,2229-061134,2229-061190
ΜΙΡΑΜΑΡΕ,"


17 Χλμ
",2,,info@ganimede.gr,22650-41466,,Γαλαξίδι,ΠΛΑΤΩΝΗ 3,330 52,,,
ΜΙΣΤΡΑΛ,"


45 Χλμ
",2,,kkostandinos@yahoo.com,22660-31110,,Ερατεινή,ΕΡΑΤΕΙΝΗ ΦΩΚΙΔΑΣ,330 58,,,
ΜΟΝΤΑΝΑ,"


2 Χλμ
",5,www.montana.gr,montana@otenet.gr,22370-80400/9,22370-80408,Καρπενήσι,ΚΑΡΠΕΝΗΣΙ,361 00,,6985937759,2237080409
ΜΟΡΦΕΥΣ,"


1.5 Χλμ
",1,www.hotelmorfeas.gr,morfeas3@otenet.gr,22210-24703,22210-24292,Χαλκίδα,ΠΟΣΕΙΔΩΝΟΣ 3,341 00,22210-73626,,
ΜΟΥΣΕΣ ΤΟΥ ΕΛΙΚΩΝΑ ΟΡΕΙΝΟΣ ΦΙΛΙΚΟΣ ΞΕΝΩΝΑΣ B&B,,3,www.heliconmuses.com,heliconm@gmail.com,22680-22100,2268022100,Αλίαρτος,ΕΥΑΓΓΕΛΙΣΤΡΙΑ,320 01,-,,
ΜΠΑΛΑΣΚΑ,"


25 Χλμ
",2,www.balaska.gr,info@balaska.gr,22260-24015,22260-24015,Ήλια,,343 00,,,
ΜΠΑΜΠΗΣ,,3,,babis.arachova@gmail.com,22670-32155,,Καλύβια Λιβαδίου Αράχωβας,,320 04,,,
ΜΠΑΝΜΠΟΥΣ,"


8 Χλμ
",2,,,22260-22601,,Λουτρά Αιδηψού,ΛΟΥΤΡΑ ΑΙΔΗΨΟΥ,343 00,,21-08946276,21-08946276
ΜΠΑΤΗΣ,"


1 Χλμ
",2,,batishotel@gmail.com,22330-31311,,Λιβανάτες,ΛΕΙΒΑΝΑΤΕΣ ΦΘΙΩΤΙΔΑΣ,350 07,,,
ΜΠΑΤΗΣ 2,"


1 Χλμ
",2,,batishotel@gmail.com,22330-32117,22330-32271,Λιβανάτες,ΛΙΒΑΝΑΤΕΣ ΦΘΙΩΤΙΔΑΣ,350 07,,,
ΜΠΕΗΣ,"


3 Χλμ
",2,www.hotel-beis.gr,hotel-beis@hotmail.com,22220-22604,22220-29113,Κύμη,ΚΥΜΗ ΕΥΒΟΙΑΣ,340 03,22220-22870,,
ΜΠΟΥΚΑΣ,"


0.1 Χλμ
",2,www.hotelbouca.gr,info@hotelbouca.gr,2235022224,2235022225,Καμένα Βούρλα,ΚΑΜΜΕΝΑ ΒΟΥΡΛΑ,350 08,,6944105017,2235022225
ΜΥΡΤΙΑ,"


2 Χλμ
",2,,hotelmirtia@gmail.com,22260-41202,22260-41510,Πευκί,ΠΕΥΚΙ ΙΣΤΙΑΙΑΣ ΕΥΒΟΙΑΣ,342 00,22260-41510,2226-041202,
ΝΑΝΑ,"


0.1 Χλμ
",2,www.hotelnana.gr,nanahotel2@yahoo.gr,22350-22378,22350-22378,Καμένα Βούρλα,ΑΘΑΝΑΣΙΟΥ ΔΙΑΚΟΥ 19,350 08,,2235-024512,2235-022378
ΝΑΝΤΙΑ,"


0.1 Χλμ
",2,,,22350-22365,,Καμένα Βούρλα,ΚΑΚΟΥΡΙ 3,350 08,,2235-022365,
ΝΑΠΟΛΕΩΝ,"


0.5 Χλμ
",2,,jg1@otenet.gr,22270-71148,2227071592,Ροβιές,,340 05,22270-71149,,
ΝΑΥΣΙΚΑ,"


8 Χλμ
",2,,,22330-93204,,Θεολόγος,,350 05,22330-93260,,
ΝΑΥΣΙΚΑ ΜΠΗΤΣ ΟΤΕΛ,"


0.3 Χλμ
",3,www.nafsikapalace.gr,info@nafsikapalace.gr,22650-35007,22650-35007,Ιτέα,ΗΡΩΩΝ 6,332 00,2265033300,2265-033300,
ΝΑΥΣΙΚΑ ΠΑΛΑΣ,"


0.3 Χλμ
",4,www.nafsikadelphi.gr,info@nafsikapalace.gr,22650-33300/4,22650-33831,Ιτέα,ΛΕΟΦ.ΗΡΩΩΝ 6,332 00,,,
ΝΕΓΡΟΠΟΝΤΕ ΡΗΖΟΡΤ ΕΡΕΤΡΙΑ,"


17 Χλμ
",5,www.negroponteresort.gr,info@negroponteresort.gr,22290-61935,22290-62120,Μαλακώντα,ΜΑΛΑΚΟΝΤΑ ΕΡΕΤΡΙΑΣ,340 08,,,
ΝΕΟΝ ΑΣΤΡΟΝ,"


0.5 Χλμ
",2,www.kamena-vourla.gr/neonastron.htm,hotelneonastron2@hotmail.com,22350-22314,22350-23314,Καμένα Βούρλα,ΑΓ.ΝΙΚΟΛΑΟΥ 14,350 08,,21-05772943,21-05772943
ΝΕΟΝ ΑΣΤΡΟΝ,"


1 Χλμ
",1,www.neonastron.gr,boucasxa@otenet.gr,22310-26245,22310-52603,Λαμία,ΠΛΑΤΕΙΑ ΛΑΟΥ 5,351 00,,,
ΝΕΦΕΛΗ,"


0.3 Χλμ
",3,www.skyros-nefeli.gr,info@skyros-nefeli.gr,22220-91964,22220-92061,Σκύρος,ΣΚΥΡΟΣ,340 07,22220-92060,,
ΝΗΔΥΜΟΣ,"


0.2 Χλμ
",3,http://www.nidimoshotel.gr/,info@nidimoshotel.gr,22650-82056,22650-82057,Δελφοί,ΔΗΜΟΥ ΦΡΑΓΚΟΥ 6-8,330 54,,,
ΝΗΝΕΜΙΑ,,3,www.ninemia.gr,info@ninemia.gr,22370-24614,22370-24814,Καρπενήσι,7ΧΛΜ ΚΑΡΠΕΝΗΣΙΟΥ-ΠΡΟΥΣΟΥ,361 00,6937841493,,
ΝΙΟΒΗ,"


2 Χλμ
",2,www.hotelniovi.gr,info@hotelniovi.gr,22620-89093,22620-89099,Θήβα,ΕΠΑΜΕΙΝΩΝΔΑ 61,322 00,22620-29888,,
ΝΙΟΒΗ,"


0.2 Χλμ
",1,,,22350-22424,,Καμένα Βούρλα,Γ.ΒΑΣΙΛΕΙΑΔΗ 3,350 08,,2235-022424,
ΝΟΣΤΟΣ,,3,http://www.nostoshotel.info,papalexis@nostoshotel.info,22650-41266,,Γαλαξίδι,ΠΛΑΤΕΙΑ ΗΡΩΩΝ  &  ΠΑΠΑΠΕΤΡΟΥ,330 52,,,
ΝΟΥΦΑΡΑ,"


0.8 Χλμ
",2,www.hotelnoufara.gr,hotelnoufara@gmail.com,22350-23028,22350-23028,Καμένα Βούρλα,28ΗΣ ΟΚΤΩΒΡΙΟΥ 28,350 08,,2235-023028,
ΝΤΕΛΛΗΣ,"


0.5 Χλμ
",3,www.hoteldellis.gr,info@hoteldellis.gr,22350-23020,22350-23020,Καμένα Βούρλα,ΘΕΡΜΟΠΥΛΩΝ 1,350 08,,6977-522177,
ΞΕΝΙΑ,"


5 Χλμ
",2,http://www.platystomo.gr/,info@platystomo.gr,22360-22510,22360-22513,Πλατύστομο,,350 11,22360-22519,,
ΞΕΝΙΟΣ ΖΕΥΣ,"


0.02 Χλμ
",2,,stellapapastamou@gmail.com,22260-22106,22260-23258,Λουτρά Αιδηψού,ΗΡΑΚΛΕΟΥΣ 27,343 00,,6945301221,
ΞΕΝΙΟΣ ΖΕΥΣ,"


2 Χλμ
",3,,renakara13@gmail.com,22280-31068,22820-32218,Πολιτικά,ΠΟΛΙΤΙΚΑ ΕΥΒΟΙΑΣ,344 00,6936414722,,
Ο ΔΑΦΝΟΣ,,2,,,22660-51745,,Δάφνος,ΔΑΦΝΟΣ ΑΜΦΙΣΣΑΣ,330 53,,,
Ο ΔΡΟΥΓΟΣ,"


7 Χλμ
",1,,xdrougos@gmail.com,22320-22446,22320-23177,Πουρνάρι,,350 10,22320-22219,,
ΟΙ ΔΥΟ ΑΔΕΛΦΕΣ,"


1 Χλμ
",3,www.leduesorelle.gr,info@leduesorelle.gr,22660-71384,22660-71070,Σπηλιά,ΣΠΗΛΙΑ ΤΡΙΖΟΝΙΩΝ ΦΩΚΙΔΑΣ,330 58,,21-05810990,
ΟΙΤΗ,"


5 Χλμ
",2,,ggletsos@yahoo.gr,22310-59525,210-2715189,Υπάτη,ΥΠΑΤΗ,350 16,,21-02715189,
ΟΙΧΑΛΙΑ,"


24 Χλμ
",3,www.fidakia.gr,oihalia@fidakia.gr,22370-24554,22370-24551,Φιδάκια,,361 00,69830-95933,,
ΟΛΓΑ,"


0.2 Χλμ
",2,,hotelolga1@yahoo.gr,22350-32266,22350-33266,Άγιος Κωνσταντίνος,ΕΥΒΟΪΚΟΥ 6,350 06,22350-31776,,
ΟΛΙΒΙΑ,,2,,,6975952644,,Αγιόκαμπος,,343 00,,,
ΟΛΥΜΠΙΑΚΟΣ ΑΣΤΕΡΑΣ,"


5 Χλμ
",4,www.amarynthosresort.com,info@amarynthosresort.com,22290-36502,22290-36502,Αμάρυνθος,ΑΜΑΡΥΝΘΟΣ ΕΥΒΟΙΑΣ,340 06,,2229-038130,2229-038260
ΟΛΥΜΠΙΚ,"


0.03 Χλμ
",3,www.olympic-hotel.gr,info@olympic-hotel.gr,22650-82793,22650-82780,Δελφοί,ΔΕΛΦΟΙ,330 54,,,
ΟΜΗΡΟΣ,"


18 Χλμ
",3,www.omirosluxuryhotel.gr,luxuryhotelomiros@gmail.com,22260-22978,22260-22979,Λουτρά Αιδηψού,ΟΜΗΡΟΥ 5,343 00,6938-434996,,
ΟΜΙΛΕΑ,,3,www.omilaia.gr,info@omilaia.gr,2236061023,,Γαρδίκι,,350 03,,,
ΟΝΕΙΡΟ,,3,oneiro-studios.gr,sofia198125@hotmail.com,6981120437,,Λουτρά Αιδηψού,,34300,,,
ΟΝΕΙΡΟΠΕΤΡΑ,,3,www.oniropetra.gr,info@oniropetra.gr,22370-21112,22370-93276,Καρπενήσι,ΘΕΣΗ ΑΜΠΛΑΣ,361 00,22370-22003,,
ΟΡΑΜΑ,"


35 Χλμ
",2,www.hotelorama-evia.com,oramaae@otenet.gr,22260-43291,22260-43300,Βασιλικά,ΒΑΣΙΛΙΚΑ ΙΣΤΙΑΙΑΣ ΕΥΒΟΙΑΣ,342 00,22260-43009,2226043291,
ΟΡΕΙΑΔΕΣ,"


4 Χλμ
",3,www.oriades.com.gr,,22370-25400,,Κορυσχάδες,,361 00,,,
ΟΡΜΟΣ ΔΙΑΚΟΠΩΝ,"


25 Χλμ
",2,www.bayholiday.gr,info@bayholiday.gr,6977266466,22380-41440,Καραβόμυλος,ΚΑΡΑΒΟΜΥΛΟΣ ΣΤΥΛΙΔΑΣ ΦΘΙΩΤΙΔΑΣ,353 00,22380-41548,6977266466,
ΟΡΦΕΑΣ,"


0.5 Χλμ
",2,,info@orfeasdelphi.com,22650-82077,22650-82079,Δελφοί,ΔΕΛΦΟΙ,330 54,,,
ΟΣΙΟΣ ΙΩΑΝΝΗΣ Ο ΡΩΣΣΟΣ,,2,https://oir.gr/,info@oir.gr,2227041462,2227041308,Προκόπι,ΠΡΟΚΟΠΙ ΕΥΒΟΙΑΣ,340 04,,,
ΟΥΡΑΝΙΑ,"


0.8 Χλμ
",1,,,22350-24631,,Καμένα Βούρλα,28ΗΣ ΟΚΤΩΒΡΙΟΥ 18,350 08,,6945-598531,
ΟΦΙΤΕΙΑ,,4,,marianthie_87@hotmail.com,22340-23511,,Αμφίκλεια,ΑΜΦΙΚΛΕΙΑ ΦΘΙΩΤΙΔΟΣ,350 02,,,
ΠΑΓΩΝΑ,,2,www.pagonahotel.gr,liosis@pagonahotel.gr,22260-22326,22260-22326,Λουτρά Αιδηψού,ΛΟΥΤΡΑ ΑΙΔΗΨΟΥ ΕΥΒΟΙΑΣ,343 00,22260-23688,6974169263,
ΠΑΛΑΙΟ ΠΑΝΔΟΧΕΙΟ,,4,www.oldinn.gr,oldinn.gr@gmail.com,22370-25201,210-6457486,Κορυσχάδες,ΚΟΡΥΣΧΑΔΕΣ ΚΑΡΠΕΝΗΣΙΟΥ,361 00,6978993281,,
ΠΑΛΙΡΡΟΙΑ,"


0.3 Χλμ
",3,www.paliria-hotel.gr,info@paliria-hotel.gr,22210-28001,22210-81959,Χαλκίδα,ΒΟΥΔΟΥΡΗ 32 ΚΑΙ ΕΛ.ΒΕΝΙΖΕΛΟ,341 00,22210-82341,,
ΠΑΛΛΑΔΙΟΝ,"


15 Χλμ
",2,,katerinakoits@yahoo.com,22260-22265,22260-60009,Λουτρά Αιδηψού,25ΗΣ ΜΑΡΤΙΟΥ 28,343 00,22260-22226,21-07791654,
ΠΑΛΜΑΡΙΒΑ,"


2 Χλμ
",4,www.palmariva.gr,recervations@palmariva.gr,22290-62411,22290-62418,Μαλακώντα,ΜΑΛΑΚΟΝΤΑ ΕΥΒΟΙΑΣ,340 08,22290-62417,,
ΠΑΝ,"


0.2 Χλμ
",2,www.panartemis.gr,info@panartemis.gr,22650-82294,22650-83244,Δελφοί,ΔΕΛΦΟΙ,330 54,,,
ΠΑΝΘΕΟΝ,"


30 Χλμ
",2,,,22350-22351,,Καμένα Βούρλα,ΒΥΡΩΝΟΣ 79,350 08,22350-22952,2235-022952,
ΠΑΝΘΕΟΝ,"


30 Χλμ
",2,www.pantheondafni.gr,info@pantheondafni.gr,22280-31636,22280-31636,Δάφνη,ΔΑΦΝΗ ΝΕΡΟΤΡΙΒΙΑΣ ΕΥΒΟΙΑΣ,344 00,22280-31229,,
ΠΑΝΟΡΑΜΑ,"


0.05 Χλμ
",2,www.panoramagranitsa.gr,panoramagranitsa@gmail.com,22370-61258,22370-61411,Γρανίτσα,ΓΡΑΝΙΤΣΑ ΕΥΡΥΤΑΝΙΑΣ,360 72,,,
ΠΑΝΟΡΑΜΑ,"


5 Χλμ
",2,www.panorama-kimi.gr,katerinakarava@yahoo.gr,22220-71252,22220-29755,Πλατάνα,,340 03,,6947780143,
ΠΑΝΟΡΑΜΑ,"


6 Χλμ
",2,,,22330-89410,,Σκάλα,,352 00,22330-31877,,
ΠΑΝΟΡΑΜΑ,"


22 Χλμ
",2,,,22260-24140,,Λουτρά Αιδηψού,ΛΟΥΤΡΑ ΑΙΔΗΨΟΥ,343 00,6944-393151,6944-393151,
ΠΑΡΑΔΕΙΣΟΣ,,2,,piribi5@yahoo.gr,6944596261,,Κροκύλειο,,33056,,,
ΠΑΡΑΛΙΑ ΓΟΝΑΤΑ,"


4 Χλμ
",2,,,22380-51398,22380-51124,Πελασγία,ΠΕΛΑΣΓΙΑ ΦΘΙΩΤΙΔΟΣ,350 13,,,
ΠΑΡΚ,,2,http://www.parkhoteledipsos.com/,patapos@yahoo.com,22260-22714,,Παραλία Αγίου Νικολάου,ΑΓΙΟΣ ΝΙΚΟΛΑΟΣ,343 00,6977000604,6977000604,
ΠΑΡΝΑΣΣΙΑ,"


15 Χλμ
",3,www.parnassia.gr,parnassiahotel@yahoo.gr,22670-29245,22670-29143,Αράχοβα,,320 04,22670-29246,,
ΠΑΡΝΑΣΣΟΣ,"


18 Χλμ
",3,www.parnassosdelphi.com,info@parnassos.org,22650-82321,22650-82621,Δελφοί,Β.ΠΑΥΛΟΥ & ΦΡΕΙΔΕΡΙΚΗΣ 32,330 54,2265082370,,
ΠΑΡΝΑΣΣΟΣ,"


0.3 Χλμ
",1,,,22650-32347,,Ιτέα,ΚΑΠΟΔΙΣΤΡΙΟΥ 84,332 00,,,
ΠΑΡΝΑΣΣΟΣ,,2,www.hotelparnassos.gr,info@hotelparnassos.gr,22670-31307,22670-31307,Αράχοβα,ΔΕΛΦΩΝ 18,320 04,,,
ΠΑΡΝΑΣΣΟΣ,"


0.05 Χλμ
",2,,,22310-59523,,Λουτρά Υπάτης,ΛΟΥΤΡΑ ΥΠΑΤΗΣ,350 16,6974095347,2231-059453,
ΠΕΛΑΓΟΣ,"


5 Χλμ
",4,www.hotelpelagos.gr,info@hotelpelagos.gr,22210-99310/7,22210-98696,Δροσιά,ΑΓΙΟΣ ΜΗΝΑΣ ΧΑΛΚΙΔΟΣ,341 00,,,
ΠΕΛΑΓΟΣ ΣΤΟΥΝΤΙΟΣ,"


6 Χλμ
",3,www.pelagosstudios.gr,hotel.pelagos@gmail.com,22220-71050,22220-71170,Πλατάνα,ΠΛΑΤΑΝΑ ΚΥΜΗΣ ΕΥΒΟΙΑΣ,340 03,6945398330,,
ΠΕΡΙΓΙΑΛΙ,"


1.5 Χλμ
",3,www.perigiali.com,info@perigiali.com,22220-92075,22220-92770,Σκύρος,ΜΑΓΑΖΙΑ ΣΚΥΡΟΣ,340 07,,,
ΠΕΡΣΕΦΟΝΗ,"


0.3 Χλμ
",2,,fotis.giorgis1980@gmail.com,+302235022736,,Καμένα Βούρλα,ΠΑΝΟΥΡΓΙΑ ΚΑΙ 25ΗΣ ΜΑΡΤΙΟΥ,350 08,,,
ΠΕΤΙΤ ΒΙΛΛΑΤΖ,"


19 Χλμ
",2,www.petitvillage.gr,korozism@otenet.gr,22290-60070,22290-60417,Μαλακώντα,ΜΑΛΑΚΟΝΤΑ ΕΡΕΤΡΙΑΣ,341 00,,2229-060070,
ΠΗΛΙ ΜΠΗΤΣ,"


1 Χλμ
",2,,pilibeach55@gmail.com,22270-91200,,Πήλι,ΠΗΛΙ ΕΥΒΟΙΑΣ-ΜΑΝΤΟΥΔΙ,340 04,,2221-086661,
ΠΛΑΖΑ,"


0.1 Χλμ
",2,,n.vlahoutsikou@gmail.com,22270-31235,22270-31336,Λίμνη,ΛΙΜΝΗ ΕΥΒΟΙΑΣ,340 05,,,
ΠΛΑΖΑ,"


0.2 Χλμ
",2,www.hotelplaza-styra.gr,hotelplaza.styra@gmail.com,22240-41492,22240-41429,Νέα Στύρα,ΝΕΑ ΣΤΥΡΑ ΕΥΒΟΙΑΣ,340 15,,6948119342,
ΠΟΛΥΔΡΟΣΟ,"


12 Χλμ
",2,,hotelpolydrossos@gmail.com,22340-51216,,Πολύδροσος,ΠΟΛΥΔΡΟΣΟ ΠΑΡΝΑΣΙΔΟΣ,330 51,22340-51849,,
ΠΟΡΤΟ ΑΡΙΜΑΡ,"


0.05 Χλμ
",2,www.portoarimar.com,contact@portoarimar.com,22670-41371,22670-41372,Αράχοβα,ΑΝΤΙΚΥΡΑ ΒΟΙΩΤΙΑΣ,320 12,22670-41372,6936-718804,
ΠΟΡΤΟ ΛΟΥΡΜΠΑ,"


2 Χλμ
",3,www.portolourbas.com,info@portolourbas.com,22650-41230,22650-41976,Γαλαξίδι,ΓΑΛΑΞΕΙΔΙ,330 52,22650-42009,,
ΠΟΣΕΙΔΩΝ,"


10 Χλμ
",2,,poseidonlef@gmail.com,22210-53030,,Βασιλικό,ΛΕΥΚΑΝΤΙ ΕΥΒΟΙΑΣ,340 02,22210-51061,,
ΠΟΣΕΙΔΩΝ,"


5 Χλμ
",1,,sandritsopoulos@gmail.com,22330-91293,,Αρκίτσα,,352 00,22330-91620,22330-91293,
ΠΟΣΕΙΔΩΝΙΟΝ,,2,,,22350-22472,,Καμένα Βούρλα,ΑΓΙΟΥ ΠΑΝΤΕΛΕΗΜΩΝΟΣ 6,350 08,,2235-022472,
ΠΟΥΛΙΑ,"


0.05 Χλμ
",1,,,22350-31663,22350-31663,Άγιος Κωνσταντίνος,ΘΕΡΜΟΠΥΛΩΝ 4,350 06,6978098101,2235-031663,2235-031663
ΠΡΑΣΙΝΟ ΚΑΙ ΓΑΛΑΖΙΟ,"


12 Χλμ
",3,www.greenblue.gr,info@greenblue.gr,26340-91362,26340-91133,Μαραθιάς,,330 56,,,
ΠΡΙΓΚΗΠΙΚΟ,"


1 Χλμ
",2,www.prigipikon.gr,prigip@otenet.gr,6932279240,22310-59138,Λουτρά Υπάτης,ΛΟΥΤΡΑ ΥΠΑΤΗΣ,350 16,22310-59138,6932279240,2231059138
ΠΥΘΙΑ ΞΕΝ/ΧΕΙΟ ΤΕΧΝΗΣ,"


0.8 Χλμ
",3,http://www.artpythia.gr,delphxen@otenet.gr,22650-82328,,Δελφοί,ΦΡΕΙΔΕΡΙΚΗΣ 6,330 54,,,
ΠΥΡΓΟΣ ΤΟΥ ΜΑΡΑΘΙΑ,"


9 Χλμ
",3,www.maratheatowerhotel.gr,eskout@gmail.com,22370-31441,2310-308655,Μαραθιά,,360 71,6944-153825,6944-153825,231-0308655
ΡΑΝΙΑ,"


0.01 Χλμ
",2,,koukouliampas.k@gmail.com,22260-23233,22260-23283,Λουτρά Αιδηψού,ΜΕΛ.ΜΕΡΚΟΥΡΗ 7,343 00,22260-52935,2226-052935,2226-069328
ΡΕΓΓΙΝΑ,"


0.15 Χλμ
",2,,,22350-22302,22350-32604,Καμένα Βούρλα,ΠΑΝΟΥΡΓΙΑ 19,350 08,22350-22450,2235-031285,2235-032604
ΡΕΞ ΠΟΛΙΤΗ,"


6 Χλμ
",2,www.hotel-rexpoliti.gr,politis74@yahoo.gr,22310-59313,,Λουτρά Υπάτης,ΛΟΥΤΡΑ ΥΠΑΤΗΣ,350 16,,6974608737,
ΡΕΞ ΧΑΣΙΩΤΗ,"


17 Χλμ
",2,users.in.gr/gchasiotou,sioukiou@gmail.com,22310-59308,,Λουτρά Υπάτης,ΛΟΥΤΡΑ ΥΠΑΤΗΣ,350 16,22310-59521,21-02134468,
ΡΙΤΣΑ,"


0.2 Χλμ
",2,www.hotel-ritsa.gr,kostaskakaras@gmail.com,22350-22304,,Καμένα Βούρλα,ΚΑΜΜΕΝΑ ΒΟΥΡΛΑ,350 08,2235024235,2235-024235,
ΡΟΒΙΑΙ,"


0.5 Χλμ
",2,www.hotel-rovies.gr,andreas_vasiliou@hotmail.com,22270-71110,22270-71610,Ροβιές,ΡΟΒΙΕΣ ΕΥΒΟΙΑΣ,340 05,22270-71213,2227-071213,
ΡΟΜΑΝΤΙΚΑ,"


0.1 Χλμ
",2,,info@romantica-edipsos.gr,2226024793,22260-24794,Λουτρά Αιδηψού,28ΗΣ ΟΚΤΩΒΡΙΟΥ 62,343 00,2226024794,21-06217203,
ΣΑΓΗΝΗ,"


22 Χλμ
",3,www.hotelsagini.gr,nancyksagoni@yahoo.gr,22260-60233,22260-60233,Λουτρά Αιδηψού,ΦΙΛΕΛΛΗΝΩΝ 85,343 00,,2226-032244,
ΣΑΜΑΡΑΣ,"


2 Χλμ
",3,www.samarashotel.gr,h-samaras@otenet.gr,22310-28971/5,22310-42704,Λαμία,ΡΟΖ.ΑΓΓΕΛΗ-ΠΛΑΤ.ΔΙΑΚΟΥ,351 00,42701/3,,
ΣΑΝΤΑ ΜΑΡΙΝΑ ΑΡΑΧΩΒΑ ΡΗΖΟΡΤ,"


12 Χλμ
",5,www.santa-marina.gr,leonidas.anagnostou@santa-marina.gr,22670-31954,22670-31955,Αράχοβα,ΑΡΑΧΟΒΑ ΒΟΙΩΤΙΑΣ,320 04,210-4226571,,
ΣΕΛΕΣΤΙΝΑ,,3,www.selestina.gr,info@selestina.gr,22370-89008,22370-89007,Καρπενήσι,ΣΑΚΚΑΛΗ 8,361 00,22370-89009,,
ΣΕΛΗΝΗ,"


4 Χλμ
",3,www.celinihotel.com,info@celinihotel.com,22240-32217,22240-32255,Φηγιάς,ΑΝΩ ΦΥΓΙΑ ΜΑΡΜΑΡΙΟΥ ΕΥΒΟΙΑΣ,340 13,210-8051443,6932-191375,210-8051443
ΣΕΜΙΡΑΜΙΣ,"


60 Χλμ
",2,,semiramisxir@gmail.com,22260-22187,,Λουτρά Αιδηψού,ΕΡΜΟΥ 92,343 00,,2261-028385,2261-028385
ΣΕΤΑ ΑΛΩΝΙΑ,,4,www.settaalonia.gr,info@settaalonia.gr,2229-036388,,Σέτα,ΣΕΤΑ ΑΜΑΡΥΝΘΟΥ,340 06,,,
ΣΙΒΥΛΛΑ,"


0.15 Χλμ
",1,www.sibylla-hotel.gr,sibydel@otenet.gr,22650-82335,22650-83221,Δελφοί,ΒΑΣΙΛΕΩΣ ΠΑΥΛΟΥ 9,330 54,,,
ΣΙΝΤΑΡΣ,"


1 Χλμ
",4,https://pasvaf.wixsite.com/levendi-hotel,reservations@levendi.gr,22350-32696,22350-32255,Άγιος Κωνσταντίνος,17ΧΙΛ. Ε.Ο. ΑΘΗΝΩΝ-ΛΑΜΙΑΣ,350 06,,21-06984033,21-06984036
ΣΙΣΣΥ,"


0.5 Χλμ
",2,www.hotelsissy.gr,info@hotelsissy.gr,6932104692,,Καμένα Βούρλα,ΙΠΠΟΚΡΑΤΗ 41,350 08,2235022277,2235022190,
ΣΚΑΛΑ,"


0.15 Χλμ
",2,,eemmiilliiaa@yahoo.gr,22380-31113,22380-31754,Ράχες,ΡΑΧΕΣ ΦΘΙΩΤΙΔΑΣ,353 00,,,
ΣΚΑΜΝΟΣ,"


14 Χλμ
",4,www.skamnos.com,info@skamnos.com,22670-31927,22670-29109,Αράχοβα,ΣΚΑΜΝΟΣ ΑΡΑΧΩΒΑΣ,320 04,6932457666,,
ΣΚΥΡΟΣ ΠΑΛΛΑΣ,"


4.5 Χλμ
",4,http://skirospalace.gr,info@skirospalace.gr,22220-91994,22220-92070,Σκύρος,ΣΚΥΡΟΣ (ΠΕΡΑ ΚΑΜΠΟΣ),340 07,22220-91310,2102756007,21-02752094
ΣΚΥΡΟΣ ΧΟΛΙΝΤΕΪΣ,,3,,,22220-93193,,Ατσίτσα,,340 07,22220-93194,,
ΣΟΝΙΑ,,2,,,22350-22361,,Καμένα Βούρλα,ΚΝΗΜΙΔΟΣ 2,350 08,,2235-080640,
ΣΟΥΡΗΣ,"


85 Χλμ
",2,www.sourishotel.gr,hotelsouris@hotmail.com,22270-71480,22270-71481,Ροβιές,ΡΟΒΙΕΣ ΕΥΒΟΙΑΣ,340 05,2227071480,,
ΣΠΑΝΟΣ,"


4.5 Χλμ
",4,www.kymipalace.gr,info@kymipalace.gr,22220-22500,22220-23500,Παραλία Κύμης,ΠΑΡΑΛΙΑ ΚΥΜΗΣ,340 03,,,
ΣΤΑΔΙΟΝ,"


0.4 Χλμ
",1,,,22260-22246,,Λουτρά Αιδηψού,ΜΑΚΕΔΟΝΟΜΑΧΩΝ 1,343 00,,2226-052321,
ΣΤΑΔΙΟΝ,"


18 Χλμ
",2,www.stadionhtl.com,reservations@stadionhtl.com,22650-82251,22650-82774,Δελφοί,ΑΠΟΛΛΩΝΟΣ 21,330 54,22650-83174,,
ΣΤΑΡ,"


20 Χλμ
",2,,docstaratzis@otenet.gr,22260-23116,210-6127673,Λουτρά Αιδηψού,ΒΥΖΑΝΤΙΝΩΝ ΑΥΤΟΚΡΑΤΟΡΩΝ 11,343 00,22260-22378,,
ΣΤΕΝΗ,"


0.1 Χλμ
",2,,vpappas@hotelsteni.gr,6983653252,22280-51221,Στενή Δίρφυος,ΣΤΕΝΗ ΕΥΒΟΙΑΣ,340 14,,,
ΣΤΕΦΑΝΙΑ,"


0.8 Χλμ
",3,http://hotelstefania.gr/,info@hotelstefania.gr,22290-67126,22290-38625,Αμάρυνθος,ΑΜΑΡΥΝΘΟΣ ΕΥΒΟΙΑΣ,340 06,,6942495794,
ΣΤΥΡΑ ΒΙΛΑΤΖ,"


36 Χλμ
",2,,,22240-41577,,Νέα Στύρα,ΝΕΑ ΣΤΥΡΑ ΕΥΒΟΙΑΣ,340 15,,6972-033974,
ΤΑ 40 ΠΛΑΤΑΝΙΑ,"


22 Χλμ
",2,www.40platania.gr,info@40platania.gr,22260-23034,22260-24643,Λουτρά Αιδηψού,ΛΟΥΤΡΑ ΑΙΔΗΨΟΥ,343 00,22260-23349,,
ΤΑΓΛΗ ΘΕΡΕΤΡΟ,"


12 Χλμ
",5,www.tagliresort.gr,info@tagliresort.com,2267032532,2267029161,Καλύβια Λιβαδίου Αράχωβας,ΛΙΒΑΔΙ ΠΑΡΝΑΣΣΟΥ,320 04,2105811119,21-05811119,
ΤΑΙΝΑΡΟΝ,"


25 Χλμ
",2,,nena_dimakakou@hotmail.com,22260-23250,22260-24250,Λουτρά Αιδηψού,ΛΟΥΤΡΑ ΑΙΔΗΨΟΥ,343 00,210-8027060,21-08027060,
ΤΟ ΚΥΜΑ,"


1 Χλμ
",3,www.tokymahotel.gr,tokymahotel@gmail.com,22290-37212,,Αμάρυνθος,ΑΜΑΡΥΝΘΟΣ ΕΥΒΟΙΑΣ,340 06,,2229-037463,
ΤΟ ΜΠΑΛΚΟΝΙ ΤΗΣ ΑΓΟΡΙΑΝΗΣ,,2,www.balcony.gr,info@balcony.gr,22340-61227,,Επτάλοφος,ΕΠΤΑΛΟΦΟΣ ΦΩΚΙΔΟΣ,330 57,,,
ΤΟ ΝΕΟΝ,"


16 Χλμ
",2,www.hoteltoneon.gr,info@hoteltoneon.gr,22310-59758,,Λουτρά Υπάτης,ΛΟΥΤΡΑ ΥΠΑΤΗΣ,350 16,22310-59597,22310-24663/6944-227272,22310-24663
ΤΟ ΡΟΔΙ,,3,www.torodihotel.gr,torodihotel@gmail.com,2227071666,,Ροβιές,ΡΟΒΙΕΣ ΕΥΒΟΙΑΣ,340 05,,2227071666,
ΤΟ ΡΟΔΟΝ,"


7 Χλμ
",2,www.rodonhotel.gr,info@rodonhotel.gr,22260-72270,22260-72268,Νέος Πύργος,ΝΕΟΣ ΠΥΡΓΟΣ ΙΣΤΙΑΙΑΣ ΕΥΒΟΙΑΣ,340 12,22260-72271,,
ΤΟ ΧΑΝΙ ΤΟΥ ΖΕΜΕΝΟΥ,"


3 Χλμ
",3,www.hanizemenou.gr,hanizemenou@gmail.com,2267031204,22670-31146,Ζεμενό Αράχοβας,ΖΕΜΕΝΟ ΒΟΙΩΤΙΑΣ,320 04,2267031146,,
ΤΟΥ ΓΙΑΝΝΗ,,3,www.johnshotel.gr,milonas1@otenet.gr,22210-24996,22210-24996,Χαλκίδα,ΑΓΓΕΛΗ ΓΟΒΙΟΥ 9,341 00,22210-24998,,
ΤΡΙΑΝΤΑΦΥΛΛΟΥ,"


0.2 Χλμ
",1,,we1sol@hotmail.gr,22340-29329,,Κάτω Τιθορέα,,350 15,,,
ΤΡΙΖΟΝΙΑ ΑΚΤΗ,,3,www.trizoniabeachhotel.gr,trizoniabeachhotel@yahoo.gr,22660-71563,22660-71564,Τριζόνια,ΤΡΙΖΟΝΙΑ ΕΡΑΤΕΙΝΗ,330 58,6947-151165,27410-83661,27410-28089
ΤΡΟΚΑΝΤΕΡΟ,"


0.15 Χλμ
",3,www.hoteltrokadero.com,info@hoteltrokadero.com,2265033413,22650-35106,Ιτέα,ΑΘΑΝΑΣΙΟΥ ΔΙΑΚΟΥ 2,332 00,,,
ΤΣΑΜΑΝΤΑΝΗΣ,"


7 Χλμ
",2,www.tsamadanis.gr,info@tsamadanis.gr,22380-41138,22380-41770,Καραβόμυλος,233 ΑΘΗΝΩΝ - ΘΕΣΣΑΛΟΝΙΚΗΣ,353 00,22380-41446,,
ΤΣΑΠΑΡΑ,"


1 Χλμ
",2,,tsaparasgiannis@yahoo.gr,22680-23522,22680-22022,Αλίαρτος,ΑΛΙΑΡΤΟΣ ΒΟΙΩΤΙΑΣ,320 01,22680-22022,,
ΤΥΜΦΡΗΣΤΟΣ,"


0.3 Χλμ
",1,,,22350-22332,,Καμένα Βούρλα,,350 08,22350-24332,2236-031213,
ΥΔΡΑ,"


0.3 Χλμ
",2,,evitatsirigoti@gmail.com,22260-22411,,Λουτρά Αιδηψού,ΗΡΑΚΛΕΟΥΣ 22,343 00,,2226-022411,
ΥΔΡΟΥΣΑ,"


2 Χλμ
",3,www.hydroussahotel.gr,info@hydroussahotel.gr,22220-91209,22220-92062,Σκύρος,ΣΚΥΡΟΣ,340 07,22220-92063,,
ΦΑΕΘΩΝ,"


15 Χλμ
",2,www.hotel-phaethon.com,phivos.phaethon@gmail.com,22650-82319,22650-82088,Δελφοί,ΔΕΛΦΟΙ,330 54,22650-82315,,
ΦΑΙΔΡΙΑΔΕΣ,"


16 Χλμ
",3,www.fedriades.com,info@fedriades.com,22650-82370,22650-83088,Δελφοί,ΒΑΣ.ΠΑΥΛΟΥ & ΦΡΕΙΔΕΡΙΚΗΣ 46,330 54,,,
ΦΑΝΗ,"


20 Χλμ
",2,www.hotelfani.gr,info@hotelfani.gr,22260-22005,,Άγιος Νικόλαος,ΑΓ.ΝΙΚΟΛΑΟΣ ΑΙΔΗΨΟΥ,343 00,22260-24681,2226-022005,2226-024162
ΦΑΡΟΣ,"


20 Χλμ
",2,,faros_hotel@outlook.com,22260-22260,,Λουτρά Αιδηψού,ΗΡΩΩΝ ΠΟΛΥΤΕΧΝΙΟΥ 3,343 00,,2226-022260,
ΦΘΙΑ,"


1.5 Χλμ
",3,www.hotelsline.gr/fthia,fthia-hot@otenet.gr,22310-53111,22310-31443,Λαμία,ΑΝΔΡΕΑ ΠΑΠΑΝΔΡΕΟΥ 5,351 00,6948488722,,
ΦΙΛΙΟΝ,,3,www.filionecohotel.gr,info@filionecohotel.gr,2224300431,,Νέα Στύρα,ΝΕΑ ΣΤΥΡΑ ΕΥΒΟΙΑΣ,340 15,,,
ΦΙΛΙΠΠΟΣ,"


1 Χλμ
",3,,hphilippos@gmail.com,22610-89680,22610-20121,Λιβαδειά,ΛΕΙΒΑΔΙΑ ΒΟΙΩΤΙΑΣ,321 00,22610-89710,,
ΦΙΛΟΞΕΝΕΙΑ ΑΘΑΝΑΣΙΑΣ,"


1 Χλμ
",1,,,22310-59243,,Λουτρά Υπάτης,ΛΟΥΤΡΑ ΥΠΑΤΗΣ,350 16,22310-59358,2231-037124,
ΦΙΛΟΞΕΝΕΙΑ ΜΑΡΙΑΣ,"


1 Χλμ
",2,www.filoxeniamarias.gr,loutra69@yahoo.gr,22310-59776,22310-59138,Λουτρά Υπάτης,ΛΟΥΤΡΑ ΥΠΑΤΗΣ,350 16,,2231-059312,2231-059138
ΦΙΛΟΞΕΝΙΑ,,2,,,22260-60010,,Άγιος Νικόλαος,ΑΓ.ΝΙΚΟΛΑΟΣ ΑΙΔΗΨΟΥ,343 00,,,
ΦΙΛΟΞΕΝΙΑ,"


9 Χλμ
",4,www.hotelphiloxenia.eu,info@hotelphiloxenia.eu,22210-53825,22210-53169,Βασιλικό,ΛΕΥΚΑΝΤΙ ΕΥΒΟΙΑΣ,340 02,22210-53618,,
ΦΙΛΟΞΕΝΙΑ,"


7 Χλμ
",3,www.philoxenia-thiva.gr,nikospapanastasiou@hotmail.com,22620-28705,22620-28705,Θήβα,"0,5 ΘΗΒΩΝ - ΑΜΠΕΛΟΧΩΡΙΟΥ",322 00,6945-851901,,
ΦΛΟΙΣΒΟΣ,"


25 Χλμ
",2,www.hotelportoevia.com,portoevia@gmail.com,69370-76777,,Αμάρυνθος,,340 06,22290-36071,6937-076777,
ΦΛΩΡΑΚΗΣ,"


0.5 Χλμ
",2,,vflorou66@gmail.com,22330-31312,,Λιβανάτες,,350 07,22330-31612,2233-031312,
ΦΟΙΒΟΣ,"


23 Χλμ
",2,,louven65@gmail.com,22260-22413,2260-24000,Λουτρά Αιδηψού,ΜΕΓ.ΑΛΕΞΑΝΔΡΟΥ 8,343 00,,2226-022413,
ΦΟΙΝΙΞ,"


1 Χλμ
",2,,,22380-24556,,Στυλίδα,ΣΤΥΛΙΔΑ,353 00,,,
ΦΟΥΤΖΙ,"


22 Χλμ
",3,www.fuji.melissargos.com,fuji@melissargos.com,22260-24370,22260-23272,Άγιος Νικόλαος,ΑΓ.ΝΙΚΟΛΑΟΣ ΑΙΔΗΨΟΥ,343 00,22260-23988,21-02827531,
ΦΩΤΕΙΝΗ,,2,,hotelfotini@yahoo.com,22350-22335,22350-80686,Καμένα Βούρλα,ΠΑΛΑΜΑ 5,350 08,6985876821,2235-022335,
ΧΑΛΚΙΔΙΩΤΗΣ ΒΙΛΑΤΖ,"


1 Χλμ
",2,,info@chalkidiotisvillage.com,22210-50067,,Βασιλικό,ΒΑΣΙΛΙΚΟ ΕΥΒΟΙΑΣ,340 02,210-7786359,21-07786359,21-07786359
ΧΑΡΑ,"


0.5 Χλμ
",2,www.harahotel.gr,info@harahotel.gr,22210-76305,22210-76309,Χαλκίδα,ΛΟΥΚ.ΚΑΡΩΝΗ 21,341 00,22210-76309,,
ΧΑΡΑΥΓΗ,"


40 Χλμ
",2,,,22350-22437,,Καμένα Βούρλα,ΕΛ.ΒΕΝΙΖΕΛΟΥ 7,350 08,,2235-022437,
ΧΕΛΙΔΟΝΑ,"


2 Χλμ
",1,,,22370-41221,22370-41111,Μικρό Χωριό,Μ.ΧΩΡΙΟ ΕΥΡΥΤΑΝΙΑΣ,360 75,,,
ΧΙΛΙΑΔΟΥ,"


5 Χλμ
",2,,,26340-71350,,Χιλιαδού,ΧΙΛΙΑΔΟΥ ΔΩΡΙΔΟΣ ΦΩΚΙΔΑΣ,330 56,26340-22434,,
ΧΛΟΗ,"


0.5 Χλμ
",2,,acropole@hotmail.gr,22350-22555,22350-22817,Καμένα Βούρλα,ΚΑΡΑΟΛΗ ΔΗΜΗΤΡΙΟΥ 4,350 08,,2235-022555,
ΧΡΥΣΗ ΑΜΜΟΥΔΙΑ,"


24 Χλμ
",1,http://xrisiammoudia.com/,xrisiammoudia@gmail.com,22260-23105,,Άγιος Νικόλαος,ΑΓ.ΝΙΚΟΛΑΟΣ ΑΙΔΗΨΟΥ,343 00,6981312707,2226-022779,
ΧΩΡΙΟ ΚΕΔΡΟΣ,"


6 Χλμ
",3,www.kedrosvillage.gr,kedros69@otenet.gr,2237021221,,Μυρίκη,ΜΥΡΙΚΙ ΚΑΡΠΕΝΗΣΙΟΥ,361 00,,,
ΨΑΡΡΑΣ,,2,,,22330-93420,,Θεολόγος,,350 01,,,
ΩΚΕΑΝΙΣ,"


0.5 Χλμ
",2,,oceanishotel@yahoo.com,2226022508,,Λουτρά Αιδηψού,ΛΟΥΤΡΑ ΑΙΔΗΨΟΥ,343 00,,2226022508,
ΩΡΑΙΟΤΑΤΟ,"


10 Χλμ
",3,,,22220-58512,,Κονίστρες,,340 16,,,
ΩΡΕΟΙ,"


20 Χλμ
",2,https://hotelorei.business.site/,apoagel@gmail.com,2226022501,2226-024705,Λουτρά Αιδηψού,ΗΡΑΚΛΕΟΥΣ 60,343 00,,2226-022501,
